R:\data_raw\human\crs_array\CRS02b\BlackrockData\BaselineA\20150511-125205\,20150511-125205-001.nev
R:\data_raw\human\crs_array\CRS02b\BlackrockData\BaselineA\20150512-121202\,20150512-121202-001.nev
R:\data_raw\human\crs_array\CRS02b\BlackrockData\BaselineA\20150514-115801\,20150514-115801-001.nev
R:\data_raw\human\crs_array\CRS02b\BlackrockData\BaselineA\20150518-115237\,20150518-115237-001.nev
R:\data_raw\human\crs_array\CRS02b\BlackrockData\BaselineA\20150519-114550\,20150519-114550-001.nev
R:\data_raw\human\crs_array\CRS02b\BlackrockData\BaselineA\20150521-120232\,20150521-120232-001.nev
R:\data_raw\human\crs_array\CRS02b\BlackrockData\BaselineA\20150526-115122\,20150526-115122-001.nev
R:\data_raw\human\crs_array\CRS02b\BlackrockData\BaselineA\20150528-120324\,20150528-120324-001.nev
R:\data_raw\human\crs_array\CRS02b\BlackrockData\BaselineA\20150529-114909\,20150529-114909-001.nev
R:\data_raw\human\crs_array\CRS02b\BlackrockData\BaselineA\20150601-115557\,20150601-115557-001.nev
R:\data_raw\human\crs_array\CRS02b\BlackrockData\BaselineA\20150602-120417\,20150602-120417-001.nev
R:\data_raw\human\crs_array\CRS02b\BlackrockData\BaselineA\20150604-115359\,20150604-115359-001.nev
R:\data_raw\human\crs_array\CRS02b\BlackrockData\BaselineA\20150608-115229\,20150608-115229-001.nev
R:\data_raw\human\crs_array\CRS02b\BlackrockData\BaselineA\20150609-114538\,20150609-114538-001.nev
R:\data_raw\human\crs_array\CRS02b\BlackrockData\BaselineA\20150611-115838\,20150611-115838-001.nev
R:\data_raw\human\crs_array\CRS02b\BlackrockData\BaselineA\20150618-120017\,20150618-120017-001.nev
R:\data_raw\human\crs_array\CRS02b\BlackrockData\BaselineA\20150622-114602\,20150622-114602-001.nev
R:\data_raw\human\crs_array\CRS02b\BlackrockData\BaselineA\20150623-115516\,20150623-115516-001.nev
R:\data_raw\human\crs_array\CRS02b\BlackrockData\BaselineA\20150625-115009\,20150625-115009-001.nev
R:\data_raw\human\crs_array\CRS02b\BlackrockData\BaselineA\20150629-115523\,20150629-115523-001.nev
R:\data_raw\human\crs_array\CRS02b\BlackrockData\BaselineA\20150630-120748\,20150630-120748-001.nev
R:\data_raw\human\crs_array\CRS02b\BlackrockData\BaselineA\20150702-115850\,20150702-115850-001.nev
R:\data_raw\human\crs_array\CRS02b\BlackrockData\BaselineA\20150706-120257\,20150706-120257-001.nev
R:\data_raw\human\crs_array\CRS02b\BlackrockData\BaselineA\20150707-114935\,20150707-114935-001.nev
R:\data_raw\human\crs_array\CRS02b\BlackrockData\BaselineA\20150710-115854\,20150710-115854-001.nev
R:\data_raw\human\crs_array\CRS02b\BlackrockData\BaselineA\20150713-115515\,20150713-115515-001.nev
R:\data_raw\human\crs_array\CRS02b\BlackrockData\BaselineA\20150713-115734\,20150713-115734-001.nev
R:\data_raw\human\crs_array\CRS02b\BlackrockData\BaselineA\20150714-114429\,20150714-114429-001.nev
R:\data_raw\human\crs_array\CRS02b\BlackrockData\BaselineA\20150716-114426\,20150716-114426-001.nev
R:\data_raw\human\crs_array\CRS02b\BlackrockData\BaselineA\20150720-114457\,20150720-114457-001.nev
R:\data_raw\human\crs_array\CRS02b\BlackrockData\BaselineA\20150721-115814\,20150721-115814-001.nev
R:\data_raw\human\crs_array\CRS02b\BlackrockData\BaselineA\20150723-114743\,20150723-114743-001.nev
R:\data_raw\human\crs_array\CRS02b\BlackrockData\BaselineA\20150727-115118\,20150727-115118-001.nev
R:\data_raw\human\crs_array\CRS02b\BlackrockData\BaselineA\20150728-123402\,20150728-123402-001.nev
R:\data_raw\human\crs_array\CRS02b\BlackrockData\BaselineA\20150730-115301\,20150730-115301-001.nev
R:\data_raw\human\crs_array\CRS02b\BlackrockData\BaselineA\20150803-120241\,20150803-120241-001.nev
R:\data_raw\human\crs_array\CRS02b\BlackrockData\BaselineA\20150804-114819\,20150804-114819-001.nev
R:\data_raw\human\crs_array\CRS02b\BlackrockData\BaselineA\20150807-114842\,20150807-114842-001.nev
R:\data_raw\human\crs_array\CRS02b\BlackrockData\BaselineA\20150810-115111\,20150810-115111-001.nev
R:\data_raw\human\crs_array\CRS02b\BlackrockData\BaselineA\20150811-114650\,20150811-114650-001.nev
R:\data_raw\human\crs_array\CRS02b\BlackrockData\BaselineA\20150813-104358\,20150813-104358-001.nev
R:\data_raw\human\crs_array\CRS02b\BlackrockData\BaselineA\20150817-115619\,20150817-115619-001.nev
R:\data_raw\human\crs_array\CRS02b\BlackrockData\BaselineA\20150818-114752\,20150818-114752-001.nev
R:\data_raw\human\crs_array\CRS02b\BlackrockData\BaselineA\20150820-115148\,20150820-115148-001.nev
R:\data_raw\human\crs_array\CRS02b\BlackrockData\BaselineA\20150824-120138\,20150824-120138-001.nev
R:\data_raw\human\crs_array\CRS02b\BlackrockData\BaselineA\20150825-115231\,20150825-115231-001.nev
R:\data_raw\human\crs_array\CRS02b\BlackrockData\BaselineA\20150825-115705\,20150825-115705-001.nev
R:\data_raw\human\crs_array\CRS02b\BlackrockData\BaselineA\20150825-115820\,20150825-115820-001.nev
R:\data_raw\human\crs_array\CRS02b\BlackrockData\BaselineA\20150825-115936\,20150825-115936-001.nev
R:\data_raw\human\crs_array\CRS02b\BlackrockData\BaselineA\20150825-120316\,20150825-120316-001.nev
R:\data_raw\human\crs_array\CRS02b\BlackrockData\BaselineA\20150825-120439\,20150825-120439-001.nev
R:\data_raw\human\crs_array\CRS02b\BlackrockData\BaselineA\20150827-115737\,20150827-115737-001.nev
R:\data_raw\human\crs_array\CRS02b\BlackrockData\BaselineA\20150827-120433\,20150827-120433-001.nev
R:\data_raw\human\crs_array\CRS02b\BlackrockData\BaselineA\20150831-121126\,20150831-121126-001.nev
R:\data_raw\human\crs_array\CRS02b\BlackrockData\BaselineA\20150908-105230\,20150908-105230-001.nev
R:\data_raw\human\crs_array\CRS02b\BlackrockData\BaselineA\20150908-105500\,20150908-105500-001.nev
R:\data_raw\human\crs_array\CRS02b\BlackrockData\BaselineA\20150909-164632\,20150909-164632-001.nev
R:\data_raw\human\crs_array\CRS02b\BlackrockData\BaselineA\20150914-114528\,20150914-114528-001.nev
R:\data_raw\human\crs_array\CRS02b\BlackrockData\BaselineA\20150921-115606\,20150921-115606-001.nev
R:\data_raw\human\crs_array\CRS02b\BlackrockData\BaselineA\20150928-120056\,20150928-120056-001.nev
R:\data_raw\human\crs_array\CRS02b\BlackrockData\BaselineA\20151001-121101\,20151001-121101-001.nev
R:\data_raw\human\crs_array\CRS02b\BlackrockData\BaselineA\20151005-120010\,20151005-120010-001.nev
R:\data_raw\human\crs_array\CRS02b\BlackrockData\BaselineA\20151008-120420\,20151008-120420-001.nev
R:\data_raw\human\crs_array\CRS02b\BlackrockData\BaselineA\20151012-120939\,20151012-120939-001.nev
R:\data_raw\human\crs_array\CRS02b\BlackrockData\BaselineA\20151014-103444\,20151014-103444-001.nev
R:\data_raw\human\crs_array\CRS02b\BlackrockData\BaselineA\20151015-120546\,20151015-120546-001.nev
R:\data_raw\human\crs_array\CRS02b\BlackrockData\BaselineA\20151022-121017\,20151022-121017-001.nev
R:\data_raw\human\crs_array\CRS02b\BlackrockData\BaselineA\20151026-120605\,20151026-120605-001.nev
R:\data_raw\human\crs_array\CRS02b\BlackrockData\BaselineA\20151102-115034\,20151102-115034-001.nev
R:\data_raw\human\crs_array\CRS02b\BlackrockData\BaselineA\20151105-120504\,20151105-120504-001.nev
R:\data_raw\human\crs_array\CRS02b\BlackrockData\BaselineA\20151109-115201\,20151109-115201-001.nev
R:\data_raw\human\crs_array\CRS02b\BlackrockData\BaselineA\20151112-120828\,20151112-120828-001.nev
R:\data_raw\human\crs_array\CRS02b\BlackrockData\BaselineA\20151113-110600\,20151113-110600-001.nev
R:\data_raw\human\crs_array\CRS02b\BlackrockData\BaselineA\20151116-115430\,20151116-115430-001.nev
R:\data_raw\human\crs_array\CRS02b\BlackrockData\BaselineA\20151119-120038\,20151119-120038-001.nev
R:\data_raw\human\crs_array\CRS02b\BlackrockData\BaselineA\20151123-122014\,20151123-122014-001.nev
R:\data_raw\human\crs_array\CRS02b\BlackrockData\BaselineA\20151124-120541\,20151124-120541-001.nev
R:\data_raw\human\crs_array\CRS02b\BlackrockData\BaselineA\20151130-121824\,20151130-121824-001.nev
R:\data_raw\human\crs_array\CRS02b\BlackrockData\BaselineA\20151203-115835\,20151203-115835-001.nev
R:\data_raw\human\crs_array\CRS02b\BlackrockData\BaselineA\20151207-120337\,20151207-120337-001.nev
R:\data_raw\human\crs_array\CRS02b\BlackrockData\BaselineA\20151210-120505\,20151210-120505-001.nev
R:\data_raw\human\crs_array\CRS02b\BlackrockData\BaselineA\20151214-120058\,20151214-120058-001.nev
R:\data_raw\human\crs_array\CRS02b\BlackrockData\BaselineA\20151217-121243\,20151217-121243-001.nev
R:\data_raw\human\crs_array\CRS02b\BlackrockData\BaselineA\20151221-115344\,20151221-115344-001.nev
R:\data_raw\human\crs_array\CRS02b\BlackrockData\BaselineA\20160104-120324\,20160104-120324-001.nev
R:\data_raw\human\crs_array\CRS02b\BlackrockData\BaselineA\20160107-120012\,20160107-120012-001.nev
R:\data_raw\human\crs_array\CRS02b\BlackrockData\BaselineA\20160111-115318\,20160111-115318-001.nev
R:\data_raw\human\crs_array\CRS02b\BlackrockData\BaselineA\20160112-115803\,20160112-115803-001.nev
R:\data_raw\human\crs_array\CRS02b\BlackrockData\BaselineA\20160114-115020\,20160114-115020-001.nev
R:\data_raw\human\crs_array\CRS02b\BlackrockData\BaselineA\20160118-115651\,20160118-115651-001.nev
R:\data_raw\human\crs_array\CRS02b\BlackrockData\BaselineA\20160119-120218\,20160119-120218-001.nev
R:\data_raw\human\crs_array\CRS02b\BlackrockData\BaselineA\20160121-120737\,20160121-120737-001.nev
R:\data_raw\human\crs_array\CRS02b\BlackrockData\BaselineA\20160126-120059\,20160126-120059-001.nev
R:\data_raw\human\crs_array\CRS02b\BlackrockData\BaselineA\20160128-114646\,20160128-114646-001.nev
R:\data_raw\human\crs_array\CRS02b\BlackrockData\BaselineA\20160201-115542\,20160201-115542-001.nev
R:\data_raw\human\crs_array\CRS02b\BlackrockData\BaselineA\20160202-120651\,20160202-120651-001.nev
R:\data_raw\human\crs_array\CRS02b\BlackrockData\BaselineA\20160204-115929\,20160204-115929-001.nev
R:\data_raw\human\crs_array\CRS02b\BlackrockData\BaselineA\20160208-114047\,20160208-114047-001.nev
R:\data_raw\human\crs_array\CRS02b\BlackrockData\BaselineA\20160209-120948\,20160209-120948-001.nev
R:\data_raw\human\crs_array\CRS02b\BlackrockData\BaselineA\20160211-120306\,20160211-120306-001.nev
R:\data_raw\human\crs_array\CRS02b\BlackrockData\BaselineA\20160215-120410\,20160215-120410-001.nev
R:\data_raw\human\crs_array\CRS02b\BlackrockData\BaselineA\20160216-115215\,20160216-115215-001.nev
R:\data_raw\human\crs_array\CRS02b\BlackrockData\BaselineA\20160218-114711\,20160218-114711-001.nev
R:\data_raw\human\crs_array\CRS02b\BlackrockData\BaselineA\20160222-120104\,20160222-120104-001.nev
R:\data_raw\human\crs_array\CRS02b\BlackrockData\BaselineA\20160223-114316\,20160223-114316-001.nev
R:\data_raw\human\crs_array\CRS02b\BlackrockData\BaselineA\20160225-115149\,20160225-115149-001.nev
R:\data_raw\human\crs_array\CRS02b\BlackrockData\BaselineA\20160229-120733\,20160229-120733-001.nev
R:\data_raw\human\crs_array\CRS02b\BlackrockData\BaselineA\20160301-114830\,20160301-114830-001.nev
R:\data_raw\human\crs_array\CRS02b\BlackrockData\BaselineA\20160303-113932\,20160303-113932-001.nev
R:\data_raw\human\crs_array\CRS02b\BlackrockData\BaselineA\20160307-115422\,20160307-115422-001.nev
R:\data_raw\human\crs_array\CRS02b\BlackrockData\BaselineA\20160308-115115\,20160308-115115-001.nev
R:\data_raw\human\crs_array\CRS02b\BlackrockData\BaselineA\20160310-115748\,20160310-115748-001.nev
R:\data_raw\human\crs_array\CRS02b\BlackrockData\BaselineA\20160314-120843\,20160314-120843-001.nev
R:\data_raw\human\crs_array\CRS02b\BlackrockData\BaselineA\20160316-114603\,20160316-114603-001.nev
R:\data_raw\human\crs_array\CRS02b\BlackrockData\BaselineA\20160317-120549\,20160317-120549-001.nev
R:\data_raw\human\crs_array\CRS02b\BlackrockData\BaselineA\20160321-120034\,20160321-120034-001.nev
R:\data_raw\human\crs_array\CRS02b\BlackrockData\BaselineA\20160322-114652\,20160322-114652-001.nev
R:\data_raw\human\crs_array\CRS02b\BlackrockData\BaselineA\20160324-114922\,20160324-114922-001.nev
R:\data_raw\human\crs_array\CRS02b\BlackrockData\BaselineA\20160328-115246\,20160328-115246-001.nev
R:\data_raw\human\crs_array\CRS02b\BlackrockData\BaselineA\20160329-114910\,20160329-114910-001.nev
R:\data_raw\human\crs_array\CRS02b\BlackrockData\BaselineA\20160331-121223\,20160331-121223-001.nev
R:\data_raw\human\crs_array\CRS02b\BlackrockData\BaselineA\20160404-141052\,20160404-141052-001.nev
R:\data_raw\human\crs_array\CRS02b\BlackrockData\BaselineA\20160405-115739\,20160405-115739-001.nev
R:\data_raw\human\crs_array\CRS02b\BlackrockData\BaselineA\20160406-120538\,20160406-120538-001.nev
R:\data_raw\human\crs_array\CRS02b\BlackrockData\BaselineA\20160412-115918\,20160412-115918-001.nev
R:\data_raw\human\crs_array\CRS02b\BlackrockData\BaselineA\20160414-114742\,20160414-114742-001.nev
R:\data_raw\human\crs_array\CRS02b\BlackrockData\BaselineA\20160502-122536\,20160502-122536-001.nev
R:\data_raw\human\crs_array\CRS02b\BlackrockData\BaselineA\20160505-121558\,20160505-121558-001.nev
R:\data_raw\human\crs_array\CRS02b\BlackrockData\BaselineA\20160510-111016\,20160510-111016-001.nev
R:\data_raw\human\crs_array\CRS02b\BlackrockData\BaselineA\20160510-114216\,20160510-114216-001.nev
R:\data_raw\human\crs_array\CRS02b\BlackrockData\BaselineA\20160512-114921\,20160512-114921-001.nev
R:\data_raw\human\crs_array\CRS02b\BlackrockData\BaselineA\20160516-114214\,20160516-114214-001.nev
R:\data_raw\human\crs_array\CRS02b\BlackrockData\BaselineA\20160516-122005\,20160516-122005-001.nev
R:\data_raw\human\crs_array\CRS02b\BlackrockData\BaselineA\20160519-114810\,20160519-114810-001.nev
R:\data_raw\human\crs_array\CRS02b\BlackrockData\BaselineA\20160523-111706\,20160523-111706-001.nev
R:\data_raw\human\crs_array\CRS02b\BlackrockData\BaselineA\20160524-113409\,20160524-113409-001.nev
R:\data_raw\human\crs_array\CRS02b\BlackrockData\BaselineA\20160601-120217\,20160601-120217-001.nev
R:\data_raw\human\crs_array\CRS02b\BlackrockData\BaselineA\20160601-120307\,20160601-120307-001.nev
R:\data_raw\human\crs_array\CRS02b\BlackrockData\BaselineA\20160606-114234\,20160606-114234-001.nev
R:\data_raw\human\crs_array\CRS02b\BlackrockData\BaselineA\20160607-113938\,20160607-113938-001.nev
R:\data_raw\human\crs_array\CRS02b\BlackrockData\BaselineA\20160613-113417\,20160613-113417-001.nev
R:\data_raw\human\crs_array\CRS02b\BlackrockData\BaselineA\20160616-113657\,20160616-113657-001.nev
R:\data_raw\human\crs_array\CRS02b\BlackrockData\BaselineA\20160620-111853\,20160620-111853-001.nev
R:\data_raw\human\crs_array\CRS02b\BlackrockData\BaselineA\20160623-115125\,20160623-115125-001.nev
R:\data_raw\human\crs_array\CRS02b\BlackrockData\BaselineA\20160627-113403\,20160627-113403-001.nev
R:\data_raw\human\crs_array\CRS02b\BlackrockData\BaselineA\20160701-114814\,20160701-114814-001.nev
R:\data_raw\human\crs_array\CRS02b\BlackrockData\BaselineA\20160705-114419\,20160705-114419-001.nev
R:\data_raw\human\crs_array\CRS02b\BlackrockData\BaselineA\20160707-112833\,20160707-112833-001.nev
R:\data_raw\human\crs_array\CRS02b\BlackrockData\BaselineA\20160711-112315\,20160711-112315-001.nev
R:\data_raw\human\crs_array\CRS02b\BlackrockData\BaselineA\20160714-115419\,20160714-115419-001.nev
R:\data_raw\human\crs_array\CRS02b\BlackrockData\BaselineA\20160718-111935\,20160718-111935-001.nev
R:\data_raw\human\crs_array\CRS02b\BlackrockData\BaselineA\20160721-114029\,20160721-114029-001.nev
R:\data_raw\human\crs_array\CRS02b\BlackrockData\BaselineA\20160725-115101\,20160725-115101-001.nev
R:\data_raw\human\crs_array\CRS02b\BlackrockData\BaselineA\20160728-114157\,20160728-114157-001.nev
R:\data_raw\human\crs_array\CRS02b\BlackrockData\BaselineA\20160801-113122\,20160801-113122-001.nev
R:\data_raw\human\crs_array\CRS02b\BlackrockData\BaselineA\20160804-112736\,20160804-112736-001.nev
R:\data_raw\human\crs_array\CRS02b\BlackrockData\BaselineA\20160809-113656\,20160809-113656-001.nev
R:\data_raw\human\crs_array\CRS02b\BlackrockData\BaselineA\20160811-112312\,20160811-112312-001.nev
R:\data_raw\human\crs_array\CRS02b\BlackrockData\BaselineA\20160815-112642\,20160815-112642-001.nev
R:\data_raw\human\crs_array\CRS02b\BlackrockData\BaselineA\20160824-114039\,20160824-114039-001.nev
R:\data_raw\human\crs_array\CRS02b\BlackrockData\BaselineA\20160830-114811\,20160830-114811-001.nev
R:\data_raw\human\crs_array\CRS02b\BlackrockData\BaselineA\20160901-113616\,20160901-113616-001.nev
R:\data_raw\human\crs_array\CRS02b\BlackrockData\BaselineA\20160906-114536\,20160906-114536-001.nev
R:\data_raw\human\crs_array\CRS02b\BlackrockData\BaselineA\20160908-132803\,20160908-132803-001.nev
R:\data_raw\human\crs_array\CRS02b\BlackrockData\BaselineA\20160913-122144\,20160913-122144-001.nev
R:\data_raw\human\crs_array\CRS02b\BlackrockData\BaselineA\20160915-113956\,20160915-113956-001.nev
R:\data_raw\human\crs_array\CRS02b\BlackrockData\BaselineA\20160916-115556\,20160916-115556-001.nev
R:\data_raw\human\crs_array\CRS02b\BlackrockData\BaselineA\20160920-114908\,20160920-114908-001.nev
R:\data_raw\human\crs_array\CRS02b\BlackrockData\BaselineA\20160922-113634\,20160922-113634-001.nev
R:\data_raw\human\crs_array\CRS02b\BlackrockData\BaselineA\20160927-113017\,20160927-113017-001.nev
R:\data_raw\human\crs_array\CRS02b\BlackrockData\BaselineA\20160928-111759\,20160928-111759-001.nev
R:\data_raw\human\crs_array\CRS02b\BlackrockData\BaselineA\20161003-112805\,20161003-112805-001.nev
R:\data_raw\human\crs_array\CRS02b\BlackrockData\BaselineA\20161006-120332\,20161006-120332-001.nev
R:\data_raw\human\crs_array\CRS02b\BlackrockData\BaselineA\20161017-120615\,20161017-120615-001.nev
R:\data_raw\human\crs_array\CRS02b\BlackrockData\BaselineA\20161020-111339\,20161020-111339-001.nev
R:\data_raw\human\crs_array\CRS02b\BlackrockData\BaselineA\20161024-114423\,20161024-114423-001.nev
R:\data_raw\human\crs_array\CRS02b\BlackrockData\BaselineA\20161027-115544\,20161027-115544-001.nev
R:\data_raw\human\crs_array\CRS02b\BlackrockData\BaselineA\20161031-114055\,20161031-114055-001.nev
R:\data_raw\human\crs_array\CRS02b\BlackrockData\BaselineA\20161101-112529\,20161101-112529-001.nev
R:\data_raw\human\crs_array\CRS02b\BlackrockData\BaselineA\20161107-111453\,20161107-111453-001.nev
R:\data_raw\human\crs_array\CRS02b\BlackrockData\BaselineA\20161108-111326\,20161108-111326-001.nev
R:\data_raw\human\crs_array\CRS02b\BlackrockData\BaselineA\20161110-122843\,20161110-122843-001.nev
R:\data_raw\human\crs_array\CRS02b\BlackrockData\BaselineA\20161117-122515\,20161117-122515-001.nev
R:\data_raw\human\crs_array\CRS02b\BlackrockData\BaselineA\20161121-113044\,20161121-113044-001.nev
R:\data_raw\human\crs_array\CRS02b\BlackrockData\BaselineA\20161122-121659\,20161122-121659-001.nev
R:\data_raw\human\crs_array\CRS02b\BlackrockData\BaselineA\20161123-112441\,20161123-112441-001.nev
R:\data_raw\human\crs_array\CRS02b\BlackrockData\BaselineA\20161129-111600\,20161129-111600-001.nev
R:\data_raw\human\crs_array\CRS02b\BlackrockData\BaselineA\20161130-113226\,20161130-113226-001.nev
R:\data_raw\human\crs_array\CRS02b\BlackrockData\BaselineA\20161201-120703\,20161201-120703-001.nev
R:\data_raw\human\crs_array\CRS02b\BlackrockData\BaselineA\20161205-112317\,20161205-112317-001.nev
R:\data_raw\human\crs_array\CRS02b\BlackrockData\BaselineA\20161206-113704\,20161206-113704-001.nev
R:\data_raw\human\crs_array\CRS02b\BlackrockData\BaselineA\20161208-133044\,20161208-133044-001.nev
R:\data_raw\human\crs_array\CRS02b\BlackrockData\BaselineA\20161212-115632\,20161212-115632-001.nev
R:\data_raw\human\crs_array\CRS02b\BlackrockData\BaselineA\20161215-123601\,20161215-123601-001.nev
R:\data_raw\human\crs_array\CRS02b\BlackrockData\BaselineA\20161220-115848\,20161220-115848-001.nev
R:\data_raw\human\crs_array\CRS02b\BlackrockData\BaselineA\20161221-120619\,20161221-120619-001.nev
R:\data_raw\human\crs_array\CRS02b\BlackrockData\BaselineA\20161227-115620\,20161227-115620-001.nev
R:\data_raw\human\crs_array\CRS02b\BlackrockData\BaselineA\20170103-113621\,20170103-113621-001.nev
R:\data_raw\human\crs_array\CRS02b\BlackrockData\BaselineA\20170105-121111\,20170105-121111-001.nev
R:\data_raw\human\crs_array\CRS02b\BlackrockData\BaselineA\20170109-113050\,20170109-113050-001.nev
R:\data_raw\human\crs_array\CRS02b\BlackrockData\BaselineA\20170110-113213\,20170110-113213-001.nev
R:\data_raw\human\crs_array\CRS02b\BlackrockData\BaselineA\20170112-115650\,20170112-115650-001.nev
R:\data_raw\human\crs_array\CRS02b\BlackrockData\BaselineA\20170116-120301\,20170116-120301-001.nev
R:\data_raw\human\crs_array\CRS02b\BlackrockData\BaselineA\20170119-114253\,20170119-114253-001.nev
R:\data_raw\human\crs_array\CRS02b\BlackrockData\BaselineA\20170123-111556\,20170123-111556-001.nev
R:\data_raw\human\crs_array\CRS02b\BlackrockData\BaselineA\20170126-115457\,20170126-115457-001.nev
R:\data_raw\human\crs_array\CRS02b\BlackrockData\BaselineA\20170130-120222\,20170130-120222-001.nev
R:\data_raw\human\crs_array\CRS02b\BlackrockData\BaselineA\20170131-112957\,20170131-112957-001.nev
R:\data_raw\human\crs_array\CRS02b\BlackrockData\BaselineA\20170202-120449\,20170202-120449-001.nev
R:\data_raw\human\crs_array\CRS02b\BlackrockData\BaselineA\20170206-114136\,20170206-114136-001.nev
R:\data_raw\human\crs_array\CRS02b\BlackrockData\BaselineA\20170207-120825\,20170207-120825-001.nev
R:\data_raw\human\crs_array\CRS02b\BlackrockData\BaselineA\20170209-115650\,20170209-115650-001.nev
R:\data_raw\human\crs_array\CRS02b\BlackrockData\BaselineA\20170214-114832\,20170214-114832-001.nev
R:\data_raw\human\crs_array\CRS02b\BlackrockData\BaselineA\20170216-115412\,20170216-115412-001.nev
R:\data_raw\human\crs_array\CRS02b\BlackrockData\BaselineA\20170220-113741\,20170220-113741-001.nev
R:\data_raw\human\crs_array\CRS02b\BlackrockData\BaselineA\20170221-115421\,20170221-115421-001.nev
R:\data_raw\human\crs_array\CRS02b\BlackrockData\BaselineA\20170223-120234\,20170223-120234-001.nev
R:\data_raw\human\crs_array\CRS02b\BlackrockData\BaselineA\20170227-114517\,20170227-114517-001.nev
R:\data_raw\human\crs_array\CRS02b\BlackrockData\BaselineA\20170228-114818\,20170228-114818-001.nev
R:\data_raw\human\crs_array\CRS02b\BlackrockData\BaselineA\20170302-111446\,20170302-111446-001.nev
R:\data_raw\human\crs_array\CRS02b\BlackrockData\BaselineA\20170306-120213\,20170306-120213-001.nev
R:\data_raw\human\crs_array\CRS02b\BlackrockData\BaselineA\20170307-115228\,20170307-115228-001.nev
R:\data_raw\human\crs_array\CRS02b\BlackrockData\BaselineA\20170309-115232\,20170309-115232-001.nev
R:\data_raw\human\crs_array\CRS02b\BlackrockData\BaselineA\20170313-111923\,20170313-111923-001.nev
R:\data_raw\human\crs_array\CRS02b\BlackrockData\BaselineA\20170314-123309\,20170314-123309-001.nev
R:\data_raw\human\crs_array\CRS02b\BlackrockData\BaselineA\20170316-114858\,20170316-114858-001.nev
R:\data_raw\human\crs_array\CRS02b\BlackrockData\BaselineA\20170320-115828\,20170320-115828-001.nev
R:\data_raw\human\crs_array\CRS02b\BlackrockData\BaselineA\20170321-112956\,20170321-112956-001.nev
R:\data_raw\human\crs_array\CRS02b\BlackrockData\BaselineA\20170323-115922\,20170323-115922-001.nev
R:\data_raw\human\crs_array\CRS02b\BlackrockData\BaselineA\20170327-112447\,20170327-112447-001.nev
R:\data_raw\human\crs_array\CRS02b\BlackrockData\BaselineA\20170328-113734\,20170328-113734-001.nev
R:\data_raw\human\crs_array\CRS02b\BlackrockData\BaselineA\20170330-120148\,20170330-120148-001.nev
R:\data_raw\human\crs_array\CRS02b\BlackrockData\BaselineA\20170403-120034\,20170403-120034-001.nev
R:\data_raw\human\crs_array\CRS02b\BlackrockData\BaselineA\20170404-120637\,20170404-120637-001.nev
R:\data_raw\human\crs_array\CRS02b\BlackrockData\BaselineA\20170411-120702\,20170411-120702-001.nev
R:\data_raw\human\crs_array\CRS02b\BlackrockData\BaselineA\20170413-121041\,20170413-121041-001.nev
R:\data_raw\human\crs_array\CRS02b\BlackrockData\BaselineA\20170417-114254\,20170417-114254-001.nev
R:\data_raw\human\crs_array\CRS02b\BlackrockData\BaselineA\20170418-120442\,20170418-120442-001.nev
R:\data_raw\human\crs_array\CRS02b\BlackrockData\BaselineA\20170420-121522\,20170420-121522-001.nev
R:\data_raw\human\crs_array\CRS02b\BlackrockData\BaselineA\20170424-124606\,20170424-124606-001.nev
R:\data_raw\human\crs_array\CRS02b\BlackrockData\BaselineA\20170427-120922\,20170427-120922-001.nev
R:\data_raw\human\crs_array\CRS02b\BlackrockData\BaselineA\20170501-114716\,20170501-114716-001.nev
R:\data_raw\human\crs_array\CRS02b\BlackrockData\BaselineA\20170502-120107\,20170502-120107-001.nev
R:\data_raw\human\crs_array\CRS02b\BlackrockData\BaselineA\20170504-120001\,20170504-120001-001.nev
R:\data_raw\human\crs_array\CRS02b\BlackrockData\BaselineA\20170508-112156\,20170508-112156-001.nev
R:\data_raw\human\crs_array\CRS02b\BlackrockData\BaselineA\20170509-120227\,20170509-120227-001.nev
R:\data_raw\human\crs_array\CRS02b\BlackrockData\BaselineA\20170511-122023\,20170511-122023-001.nev
R:\data_raw\human\crs_array\CRS02b\BlackrockData\BaselineA\20170515-113634\,20170515-113634-001.nev
R:\data_raw\human\crs_array\CRS02b\BlackrockData\BaselineA\20170516-115623\,20170516-115623-001.nev
R:\data_raw\human\crs_array\CRS02b\BlackrockData\BaselineA\20170518-120955\,20170518-120955-001.nev
R:\data_raw\human\crs_array\CRS02b\BlackrockData\BaselineA\20170522-112230\,20170522-112230-001.nev
R:\data_raw\human\crs_array\CRS02b\BlackrockData\BaselineA\20170525-120725\,20170525-120725-001.nev
R:\data_raw\human\crs_array\CRS02b\BlackrockData\BaselineA\20170530-121346\,20170530-121346-001.nev
R:\data_raw\human\crs_array\CRS02b\BlackrockData\BaselineA\20170601-115704\,20170601-115704-001.nev
R:\data_raw\human\crs_array\CRS02b\BlackrockData\BaselineA\20170605-113418\,20170605-113418-001.nev
R:\data_raw\human\crs_array\CRS02b\BlackrockData\BaselineA\20170606-125112\,20170606-125112-001.nev
R:\data_raw\human\crs_array\CRS02b\BlackrockData\BaselineA\20170608-115659\,20170608-115659-001.nev
R:\data_raw\human\crs_array\CRS02b\BlackrockData\BaselineA\20170612-115238\,20170612-115238-001.nev
R:\data_raw\human\crs_array\CRS02b\BlackrockData\BaselineA\20170613-120516\,20170613-120516-001.nev
R:\data_raw\human\crs_array\CRS02b\BlackrockData\BaselineA\20170615-121923\,20170615-121923-001.nev
R:\data_raw\human\crs_array\CRS02b\BlackrockData\BaselineA\20170619-120734\,20170619-120734-001.nev
R:\data_raw\human\crs_array\CRS02b\BlackrockData\BaselineA\20170620-123007\,20170620-123007-001.nev
R:\data_raw\human\crs_array\CRS02b\BlackrockData\BaselineA\20170622-115735\,20170622-115735-001.nev
R:\data_raw\human\crs_array\CRS02b\BlackrockData\BaselineA\20170626-120443\,20170626-120443-001.nev
R:\data_raw\human\crs_array\CRS02b\BlackrockData\BaselineA\20170626-120852\,20170626-120852-001.nev
R:\data_raw\human\crs_array\CRS02b\BlackrockData\BaselineA\20170627-120920\,20170627-120920-001.nev
R:\data_raw\human\crs_array\CRS02b\BlackrockData\BaselineA\20170630-115917\,20170630-115917-001.nev
R:\data_raw\human\crs_array\CRS02b\BlackrockData\BaselineA\20170703-120557\,20170703-120557-001.nev
R:\data_raw\human\crs_array\CRS02b\BlackrockData\BaselineA\20170714-124653\,20170714-124653-001.nev
R:\data_raw\human\crs_array\CRS02b\BlackrockData\BaselineA\20170717-123659\,20170717-123659-001.nev
R:\data_raw\human\crs_array\CRS02b\BlackrockData\BaselineA\20170718-120315\,20170718-120315-001.nev
R:\data_raw\human\crs_array\CRS02b\BlackrockData\BaselineA\20170720-122335\,20170720-122335-001.nev
R:\data_raw\human\crs_array\CRS02b\BlackrockData\BaselineA\20170724-123216\,20170724-123216-001.nev
R:\data_raw\human\crs_array\CRS02b\BlackrockData\BaselineA\20170725-112751\,20170725-112751-001.nev
R:\data_raw\human\crs_array\CRS02b\BlackrockData\BaselineA\20170727-121002\,20170727-121002-001.nev
R:\data_raw\human\crs_array\CRS02b\BlackrockData\BaselineA\20170731-120601\,20170731-120601-001.nev
R:\data_raw\human\crs_array\CRS02b\BlackrockData\BaselineA\20170801-115440\,20170801-115440-001.nev
R:\data_raw\human\crs_array\CRS02b\BlackrockData\BaselineA\20170803-123113\,20170803-123113-001.nev
R:\data_raw\human\crs_array\CRS02b\BlackrockData\BaselineA\20170807-120802\,20170807-120802-001.nev
R:\data_raw\human\crs_array\CRS02b\BlackrockData\BaselineA\20170808-120955\,20170808-120955-001.nev
R:\data_raw\human\crs_array\CRS02b\BlackrockData\BaselineA\20170810-121028\,20170810-121028-001.nev
R:\data_raw\human\crs_array\CRS02b\BlackrockData\BaselineA\20170814-121458\,20170814-121458-001.nev
R:\data_raw\human\crs_array\CRS02b\BlackrockData\BaselineA\20170815-125811\,20170815-125811-001.nev
R:\data_raw\human\crs_array\CRS02b\BlackrockData\BaselineA\20170817-125208\,20170817-125208-001.nev
R:\data_raw\human\crs_array\CRS02b\BlackrockData\BaselineA\20170821-114012\,20170821-114012-001.nev
R:\data_raw\human\crs_array\CRS02b\BlackrockData\BaselineA\20170823-125119\,20170823-125119-001.nev
R:\data_raw\human\crs_array\CRS02b\BlackrockData\BaselineA\20170825-120633\,20170825-120633-001.nev
R:\data_raw\human\crs_array\CRS02b\BlackrockData\BaselineA\20170828-114912\,20170828-114912-001.nev
R:\data_raw\human\crs_array\CRS02b\BlackrockData\BaselineA\20170830-114640\,20170830-114640-001.nev
R:\data_raw\human\crs_array\CRS02b\BlackrockData\BaselineA\20170831-110314\,20170831-110314-001.nev
R:\data_raw\human\crs_array\CRS02b\BlackrockData\BaselineA\20170905-113905\,20170905-113905-001.nev
R:\data_raw\human\crs_array\CRS02b\BlackrockData\BaselineA\20170907-104207\,20170907-104207-001.nev
R:\data_raw\human\crs_array\CRS02b\BlackrockData\BaselineA\20170911-115731\,20170911-115731-001.nev
R:\data_raw\human\crs_array\CRS02b\BlackrockData\BaselineA\20170912-114816\,20170912-114816-001.nev
R:\data_raw\human\crs_array\CRS02b\BlackrockData\BaselineA\20170914-132625\,20170914-132625-001.nev
R:\data_raw\human\crs_array\CRS02b\BlackrockData\BaselineA\20170918-122549\,20170918-122549-001.nev
R:\data_raw\human\crs_array\CRS02b\BlackrockData\BaselineA\20170919-115347\,20170919-115347-001.nev
R:\data_raw\human\crs_array\CRS02b\BlackrockData\BaselineA\20170921-123941\,20170921-123941-001.nev
R:\data_raw\human\crs_array\CRS02b\BlackrockData\BaselineA\20170925-121330\,20170925-121330-001.nev
R:\data_raw\human\crs_array\CRS02b\BlackrockData\BaselineA\20170926-122732\,20170926-122732-001.nev
R:\data_raw\human\crs_array\CRS02b\BlackrockData\BaselineA\20170928-132133\,20170928-132133-001.nev
R:\data_raw\human\crs_array\CRS02b\BlackrockData\BaselineA\20171002-124553\,20171002-124553-001.nev
R:\data_raw\human\crs_array\CRS02b\BlackrockData\BaselineA\20171003-114827\,20171003-114827-001.nev
R:\data_raw\human\crs_array\CRS02b\BlackrockData\BaselineA\20171005-124934\,20171005-124934-001.nev
R:\data_raw\human\crs_array\CRS02b\BlackrockData\BaselineA\20171009-114122\,20171009-114122-001.nev
R:\data_raw\human\crs_array\CRS02b\BlackrockData\BaselineA\20171010-115723\,20171010-115723-001.nev
R:\data_raw\human\crs_array\CRS02b\BlackrockData\BaselineA\20171012-120114\,20171012-120114-001.nev
R:\data_raw\human\crs_array\CRS02b\BlackrockData\BaselineA\20171016-115208\,20171016-115208-001.nev
R:\data_raw\human\crs_array\CRS02b\BlackrockData\BaselineA\20171017-114504\,20171017-114504-001.nev
R:\data_raw\human\crs_array\CRS02b\BlackrockData\BaselineA\20171019-115428\,20171019-115428-001.nev
R:\data_raw\human\crs_array\CRS02b\BlackrockData\BaselineA\20171023-121359\,20171023-121359-001.nev
R:\data_raw\human\crs_array\CRS02b\BlackrockData\BaselineA\20171024-115636\,20171024-115636-001.nev
R:\data_raw\human\crs_array\CRS02b\BlackrockData\BaselineA\20171026-122203\,20171026-122203-001.nev
R:\data_raw\human\crs_array\CRS02b\BlackrockData\BaselineA\20171030-115448\,20171030-115448-001.nev
R:\data_raw\human\crs_array\CRS02b\BlackrockData\BaselineA\20171031-110906\,20171031-110906-001.nev
R:\data_raw\human\crs_array\CRS02b\BlackrockData\BaselineA\20171102-121035\,20171102-121035-001.nev
R:\data_raw\human\crs_array\CRS02b\BlackrockData\BaselineA\20171106-122323\,20171106-122323-001.nev
R:\data_raw\human\crs_array\CRS02b\BlackrockData\BaselineA\20171107-120636\,20171107-120636-001.nev
R:\data_raw\human\crs_array\CRS02b\BlackrockData\BaselineA\20171109-123247\,20171109-123247-001.nev
R:\data_raw\human\crs_array\CRS02b\BlackrockData\BaselineA\20171113-121634\,20171113-121634-001.nev
R:\data_raw\human\crs_array\CRS02b\BlackrockData\BaselineA\20171114-120651\,20171114-120651-001.nev
R:\data_raw\human\crs_array\CRS02b\BlackrockData\BaselineA\20171116-115617\,20171116-115617-001.nev
R:\data_raw\human\crs_array\CRS02b\BlackrockData\BaselineA\20171120-123310\,20171120-123310-001.nev
R:\data_raw\human\crs_array\CRS02b\BlackrockData\BaselineA\20171127-120056\,20171127-120056-001.nev
R:\data_raw\human\crs_array\CRS02b\BlackrockData\BaselineA\20171128-120237\,20171128-120237-001.nev
R:\data_raw\human\crs_array\CRS02b\BlackrockData\BaselineA\20171130-115712\,20171130-115712-001.nev
R:\data_raw\human\crs_array\CRS02b\BlackrockData\BaselineA\20171204-115709\,20171204-115709-001.nev
R:\data_raw\human\crs_array\CRS02b\BlackrockData\BaselineA\20171207-115953\,20171207-115953-001.nev
R:\data_raw\human\crs_array\CRS02b\BlackrockData\BaselineA\20171211-113404\,20171211-113404-001.nev
R:\data_raw\human\crs_array\CRS02b\BlackrockData\BaselineA\20171212-115830\,20171212-115830-001.nev
R:\data_raw\human\crs_array\CRS02b\BlackrockData\BaselineA\20171215-121200\,20171215-121200-001.nev
R:\data_raw\human\crs_array\CRS02b\BlackrockData\BaselineA\20171218-121726\,20171218-121726-001.nev
R:\data_raw\human\crs_array\CRS02b\BlackrockData\BaselineA\20171219-115027\,20171219-115027-001.nev
R:\data_raw\human\crs_array\CRS02b\BlackrockData\BaselineA\20171221-115618\,20171221-115618-001.nev
R:\data_raw\human\crs_array\CRS02b\BlackrockData\BaselineA\20171229-122054\,20171229-122054-001.nev
R:\data_raw\human\crs_array\CRS02b\BlackrockData\BaselineA\20180102-120220\,20180102-120220-001.nev
R:\data_raw\human\crs_array\CRS02b\BlackrockData\BaselineA\20180104-120350\,20180104-120350-001.nev
R:\data_raw\human\crs_array\CRS02b\BlackrockData\BaselineA\20180108-121208\,20180108-121208-001.nev
R:\data_raw\human\crs_array\CRS02b\BlackrockData\BaselineA\20180109-115842\,20180109-115842-001.nev
R:\data_raw\human\crs_array\CRS02b\BlackrockData\BaselineA\20180111-114543\,20180111-114543-001.nev
R:\data_raw\human\crs_array\CRS02b\BlackrockData\BaselineA\20180116-114916\,20180116-114916-001.nev
R:\data_raw\human\crs_array\CRS02b\BlackrockData\BaselineA\20180118-115202\,20180118-115202-001.nev
R:\data_raw\human\crs_array\CRS02b\BlackrockData\BaselineA\20180123-115100\,20180123-115100-001.nev
R:\data_raw\human\crs_array\CRS02b\BlackrockData\BaselineA\20180124-115749\,20180124-115749-001.nev
R:\data_raw\human\crs_array\CRS02b\BlackrockData\BaselineA\20180125-115328\,20180125-115328-001.nev
R:\data_raw\human\crs_array\CRS02b\BlackrockData\BaselineA\20180130-120235\,20180130-120235-001.nev
R:\data_raw\human\crs_array\CRS02b\BlackrockData\BaselineA\20180131-115837\,20180131-115837-001.nev
R:\data_raw\human\crs_array\CRS02b\BlackrockData\BaselineA\20180201-121211\,20180201-121211-001.nev
R:\data_raw\human\crs_array\CRS02b\BlackrockData\BaselineA\20180205-120236\,20180205-120236-001.nev
R:\data_raw\human\crs_array\CRS02b\BlackrockData\BaselineA\20180208-115137\,20180208-115137-001.nev
R:\data_raw\human\crs_array\CRS02b\BlackrockData\BaselineA\20180209-115254\,20180209-115254-001.nev
R:\data_raw\human\crs_array\CRS02b\BlackrockData\BaselineA\20180212-120133\,20180212-120133-001.nev
R:\data_raw\human\crs_array\CRS02b\BlackrockData\BaselineA\20180213-114841\,20180213-114841-001.nev
R:\data_raw\human\crs_array\CRS02b\BlackrockData\BaselineA\20180219-120930\,20180219-120930-001.nev
R:\data_raw\human\crs_array\CRS02b\BlackrockData\BaselineA\20180220-115455\,20180220-115455-001.nev
R:\data_raw\human\crs_array\CRS02b\BlackrockData\BaselineA\20180226-121853\,20180226-121853-001.nev
R:\data_raw\human\crs_array\CRS02b\BlackrockData\BaselineA\20180227-120544\,20180227-120544-001.nev
R:\data_raw\human\crs_array\CRS02b\BlackrockData\BaselineA\20180302-121723\,20180302-121723-001.nev
R:\data_raw\human\crs_array\CRS02b\BlackrockData\BaselineA\20180306-115637\,20180306-115637-001.nev
R:\data_raw\human\crs_array\CRS02b\BlackrockData\BaselineA\20180308-115827\,20180308-115827-001.nev
R:\data_raw\human\crs_array\CRS02b\BlackrockData\BaselineA\20180309-115724\,20180309-115724-001.nev
R:\data_raw\human\crs_array\CRS02b\BlackrockData\BaselineA\20180313-114422\,20180313-114422-001.nev
R:\data_raw\human\crs_array\CRS02b\BlackrockData\BaselineA\20180316-115810\,20180316-115810-001.nev
R:\data_raw\human\crs_array\CRS02b\BlackrockData\BaselineA\20180319-122934\,20180319-122934-001.nev
R:\data_raw\human\crs_array\CRS02b\BlackrockData\BaselineA\20180320-115357\,20180320-115357-001.nev
R:\data_raw\human\crs_array\CRS02b\BlackrockData\BaselineA\20180322-113822\,20180322-113822-001.nev
R:\data_raw\human\crs_array\CRS02b\BlackrockData\BaselineA\20180326-125231\,20180326-125231-001.nev
R:\data_raw\human\crs_array\CRS02b\BlackrockData\BaselineA\20180327-122154\,20180327-122154-001.nev
R:\data_raw\human\crs_array\CRS02b\BlackrockData\BaselineA\20180329-115215\,20180329-115215-001.nev
R:\data_raw\human\crs_array\CRS02b\BlackrockData\BaselineA\20180403-113510\,20180403-113510-001.nev
R:\data_raw\human\crs_array\CRS02b\BlackrockData\BaselineA\20180409-125138\,20180409-125138-001.nev
R:\data_raw\human\crs_array\CRS02b\BlackrockData\BaselineA\20180410-115912\,20180410-115912-001.nev
R:\data_raw\human\crs_array\CRS02b\BlackrockData\BaselineA\20180413-120011\,20180413-120011-001.nev
R:\data_raw\human\crs_array\CRS02b\BlackrockData\BaselineA\20180417-120415\,20180417-120415-001.nev
R:\data_raw\human\crs_array\CRS02b\BlackrockData\BaselineA\20180419-121005\,20180419-121005-001.nev
R:\data_raw\human\crs_array\CRS02b\BlackrockData\BaselineA\20180423-114536\,20180423-114536-001.nev
R:\data_raw\human\crs_array\CRS02b\BlackrockData\BaselineA\20180424-121135\,20180424-121135-001.nev
R:\data_raw\human\crs_array\CRS02b\BlackrockData\BaselineA\20180427-115418\,20180427-115418-001.nev
R:\data_raw\human\crs_array\CRS02b\BlackrockData\BaselineA\20180430-115749\,20180430-115749-001.nev
R:\data_raw\human\crs_array\CRS02b\BlackrockData\BaselineA\20180504-115754\,20180504-115754-001.nev
R:\data_raw\human\crs_array\CRS02b\BlackrockData\BaselineA\20180508-121218\,20180508-121218-001.nev
R:\data_raw\human\crs_array\CRS02b\BlackrockData\BaselineA\20180510-114158\,20180510-114158-001.nev
R:\data_raw\human\crs_array\CRS02b\BlackrockData\BaselineA\20180511-120231\,20180511-120231-001.nev
R:\data_raw\human\crs_array\CRS02b\BlackrockData\BaselineA\20180515-120235\,20180515-120235-001.nev
R:\data_raw\human\crs_array\CRS02b\BlackrockData\BaselineA\20180516-122404\,20180516-122404-001.nev
R:\data_raw\human\crs_array\CRS02b\BlackrockData\BaselineA\20180517-114404\,20180517-114404-001.nev
R:\data_raw\human\crs_array\CRS02b\BlackrockData\BaselineA\20180521-121507\,20180521-121507-001.nev
R:\data_raw\human\crs_array\CRS02b\BlackrockData\BaselineA\20180524-115154\,20180524-115154-001.nev
R:\data_raw\human\crs_array\CRS02b\BlackrockData\BaselineA\20180525-115746\,20180525-115746-001.nev
R:\data_raw\human\crs_array\CRS02b\BlackrockData\BaselineA\20180530-115225\,20180530-115225-001.nev
R:\data_raw\human\crs_array\CRS02b\BlackrockData\BaselineA\20180531-115827\,20180531-115827-001.nev
R:\data_raw\human\crs_array\CRS02b\BlackrockData\BaselineA\20180601-114035\,20180601-114035-001.nev
R:\data_raw\human\crs_array\CRS02b\BlackrockData\BaselineA\20180604-121029\,20180604-121029-001.nev
R:\data_raw\human\crs_array\CRS02b\BlackrockData\BaselineA\20180607-114936\,20180607-114936-001.nev
R:\data_raw\human\crs_array\CRS02b\BlackrockData\BaselineA\20180611-114449\,20180611-114449-001.nev
R:\data_raw\human\crs_array\CRS02b\BlackrockData\BaselineA\20180611-114706\,20180611-114706-001.nev
R:\data_raw\human\crs_array\CRS02b\BlackrockData\BaselineA\20180612-114602\,20180612-114602-001.nev
R:\data_raw\human\crs_array\CRS02b\BlackrockData\BaselineA\20180614-113244\,20180614-113244-001.nev
R:\data_raw\human\crs_array\CRS02b\BlackrockData\BaselineA\20180618-114456\,20180618-114456-001.nev
R:\data_raw\human\crs_array\CRS02b\BlackrockData\BaselineA\20180619-115659\,20180619-115659-001.nev
R:\data_raw\human\crs_array\CRS02b\BlackrockData\BaselineA\20180621-115218\,20180621-115218-001.nev
R:\data_raw\human\crs_array\CRS02b\BlackrockData\BaselineA\20180625-120304\,20180625-120304-001.nev
R:\data_raw\human\crs_array\CRS02b\BlackrockData\BaselineA\20180626-115430\,20180626-115430-001.nev
R:\data_raw\human\crs_array\CRS02b\BlackrockData\BaselineA\20180628-120101\,20180628-120101-001.nev
R:\data_raw\human\crs_array\CRS02b\BlackrockData\BaselineA\20180702-122323\,20180702-122323-001.nev
R:\data_raw\human\crs_array\CRS02b\BlackrockData\BaselineA\20180703-115347\,20180703-115347-001.nev
R:\data_raw\human\crs_array\CRS02b\BlackrockData\BaselineA\20180705-115026\,20180705-115026-001.nev
R:\data_raw\human\crs_array\CRS02b\BlackrockData\BaselineA\20180709-120625\,20180709-120625-001.nev
R:\data_raw\human\crs_array\CRS02b\BlackrockData\BaselineA\20180710-115922\,20180710-115922-001.nev
R:\data_raw\human\crs_array\CRS02b\BlackrockData\BaselineA\20180712-114554\,20180712-114554-001.nev
R:\data_raw\human\crs_array\CRS02b\BlackrockData\BaselineA\20180717-121621\,20180717-121621-001.nev
R:\data_raw\human\crs_array\CRS02b\BlackrockData\BaselineA\20180718-121233\,20180718-121233-001.nev
R:\data_raw\human\crs_array\CRS02b\BlackrockData\BaselineA\20180719-121650\,20180719-121650-001.nev
R:\data_raw\human\crs_array\CRS02b\BlackrockData\BaselineA\20180723-115837\,20180723-115837-001.nev
R:\data_raw\human\crs_array\CRS02b\BlackrockData\BaselineA\20180724-114647\,20180724-114647-001.nev
R:\data_raw\human\crs_array\CRS02b\BlackrockData\BaselineA\20180726-114931\,20180726-114931-001.nev
R:\data_raw\human\crs_array\CRS02b\BlackrockData\BaselineA\20180731-120543\,20180731-120543-001.nev
R:\data_raw\human\crs_array\CRS02b\BlackrockData\BaselineA\20180801-120613\,20180801-120613-001.nev
R:\data_raw\human\crs_array\CRS02b\BlackrockData\BaselineA\20180802-115720\,20180802-115720-001.nev
R:\data_raw\human\crs_array\CRS02b\BlackrockData\BaselineA\20180806-120557\,20180806-120557-001.nev
R:\data_raw\human\crs_array\CRS02b\BlackrockData\BaselineA\20180807-124105\,20180807-124105-001.nev
R:\data_raw\human\crs_array\CRS02b\BlackrockData\BaselineA\20180808-120132\,20180808-120132-001.nev
R:\data_raw\human\crs_array\CRS02b\BlackrockData\BaselineA\20180813-130142\,20180813-130142-001.nev
R:\data_raw\human\crs_array\CRS02b\BlackrockData\BaselineA\20180814-115847\,20180814-115847-001.nev
R:\data_raw\human\crs_array\CRS02b\BlackrockData\BaselineA\20180817-115603\,20180817-115603-001.nev
R:\data_raw\human\crs_array\CRS02b\BlackrockData\BaselineA\20180820-115213\,20180820-115213-001.nev
R:\data_raw\human\crs_array\CRS02b\BlackrockData\BaselineA\20180821-115914\,20180821-115914-001.nev
R:\data_raw\human\crs_array\CRS02b\BlackrockData\BaselineA\20180822-121537\,20180822-121537-001.nev
R:\data_raw\human\crs_array\CRS02b\BlackrockData\BaselineA\20180827-115627\,20180827-115627-001.nev
R:\data_raw\human\crs_array\CRS02b\BlackrockData\BaselineA\20180829-120543\,20180829-120543-001.nev
R:\data_raw\human\crs_array\CRS02b\BlackrockData\BaselineA\20180830-120353\,20180830-120353-001.nev
R:\data_raw\human\crs_array\CRS02b\BlackrockData\BaselineA\20180904-115319\,20180904-115319-001.nev
R:\data_raw\human\crs_array\CRS02b\BlackrockData\BaselineA\20180917-120306\,20180917-120306-001.nev
R:\data_raw\human\crs_array\CRS02b\BlackrockData\BaselineA\20180926-124325\,20180926-124325-001.nev
R:\data_raw\human\crs_array\CRS02b\BlackrockData\BaselineA\20180926-125323\,20180926-125323-001.nev
R:\data_raw\human\crs_array\CRS02b\BlackrockData\BaselineA\20180928-122526\,20180928-122526-001.nev
R:\data_raw\human\crs_array\CRS02b\BlackrockData\BaselineA\20181001-123143\,20181001-123143-001.nev
R:\data_raw\human\crs_array\CRS02b\BlackrockData\BaselineA\20181002-113927\,20181002-113927-001.nev
R:\data_raw\human\crs_array\CRS02b\BlackrockData\BaselineA\20181004-122013\,20181004-122013-001.nev
R:\data_raw\human\crs_array\CRS02b\BlackrockData\BaselineA\20181008-114349\,20181008-114349-001.nev
R:\data_raw\human\crs_array\CRS02b\BlackrockData\BaselineA\20181009-120754\,20181009-120754-001.nev
R:\data_raw\human\crs_array\CRS02b\BlackrockData\BaselineA\20181012-122737\,20181012-122737-001.nev
R:\data_raw\human\crs_array\CRS02b\BlackrockData\BaselineA\20181015-114352\,20181015-114352-001.nev
R:\data_raw\human\crs_array\CRS02b\BlackrockData\BaselineA\20181019-114220\,20181019-114220-001.nev
R:\data_raw\human\crs_array\CRS02b\BlackrockData\BaselineA\20181022-122914\,20181022-122914-001.nev
R:\data_raw\human\crs_array\CRS02b\BlackrockData\BaselineA\20181023-113332\,20181023-113332-001.nev
R:\data_raw\human\crs_array\CRS02b\BlackrockData\BaselineA\20181026-120652\,20181026-120652-001.nev
R:\data_raw\human\crs_array\CRS02b\BlackrockData\BaselineA\20181029-120448\,20181029-120448-001.nev
R:\data_raw\human\crs_array\CRS02b\BlackrockData\BaselineA\20181030-114243\,20181030-114243-001.nev
R:\data_raw\human\crs_array\CRS02b\BlackrockData\BaselineA\20181109-120831\,20181109-120831-001.nev
R:\data_raw\human\crs_array\CRS02b\BlackrockData\BaselineA\20181113-115439\,20181113-115439-001.nev
R:\data_raw\human\crs_array\CRS02b\BlackrockData\BaselineA\20181115-123835\,20181115-123835-001.nev
R:\data_raw\human\crs_array\CRS02b\BlackrockData\BaselineA\20181116-125947\,20181116-125947-001.nev
R:\data_raw\human\crs_array\CRS02b\BlackrockData\BaselineA\20181119-115018\,20181119-115018-001.nev
R:\data_raw\human\crs_array\CRS02b\BlackrockData\BaselineA\20181120-120733\,20181120-120733-001.nev
R:\data_raw\human\crs_array\CRS02b\BlackrockData\BaselineA\20181126-115635\,20181126-115635-001.nev
R:\data_raw\human\crs_array\CRS02b\BlackrockData\BaselineA\20181129-123204\,20181129-123204-001.nev
R:\data_raw\human\crs_array\CRS02b\BlackrockData\BaselineA\20181205-121546\,20181205-121546-001.nev
R:\data_raw\human\crs_array\CRS02b\BlackrockData\BaselineA\20181206-120824\,20181206-120824-001.nev
R:\data_raw\human\crs_array\CRS02b\BlackrockData\BaselineA\20181210-114841\,20181210-114841-001.nev
R:\data_raw\human\crs_array\CRS02b\BlackrockData\BaselineA\20181211-122329\,20181211-122329-001.nev
R:\data_raw\human\crs_array\CRS02b\BlackrockData\BaselineA\20181211-122329\,20181211-122329-002.nev
R:\data_raw\human\crs_array\CRS02b\BlackrockData\BaselineA\20181211-122750\,20181211-122750-001.nev
R:\data_raw\human\crs_array\CRS02b\BlackrockData\BaselineA\20181213-114946\,20181213-114946-001.nev
R:\data_raw\human\crs_array\CRS02b\BlackrockData\BaselineA\20181217-113703\,20181217-113703-001.nev
R:\data_raw\human\crs_array\CRS02b\BlackrockData\BaselineA\20181218-120220\,20181218-120220-001.nev
R:\data_raw\human\crs_array\CRS02b\BlackrockData\BaselineA\20181221-121030\,20181221-121030-001.nev
R:\data_raw\human\crs_array\CRS02b\BlackrockData\BaselineA\20190103-120020\,20190103-120020-001.nev
R:\data_raw\human\crs_array\CRS02b\BlackrockData\BaselineA\20190107-120419\,20190107-120419-001.nev
R:\data_raw\human\crs_array\CRS02b\BlackrockData\BaselineA\20190108-115353\,20190108-115353-001.nev
R:\data_raw\human\crs_array\CRS02b\BlackrockData\BaselineA\20190110-115545\,20190110-115545-001.nev
R:\data_raw\human\crs_array\CRS02b\BlackrockData\BaselineA\20190115-121744\,20190115-121744-001.nev
R:\data_raw\human\crs_array\CRS02b\BlackrockData\BaselineA\20190116-114951\,20190116-114951-001.nev
R:\data_raw\human\crs_array\CRS02b\BlackrockData\BaselineA\20190117-121826\,20190117-121826-001.nev
R:\data_raw\human\crs_array\CRS02b\BlackrockData\BaselineA\20190122-115508\,20190122-115508-001.nev
R:\data_raw\human\crs_array\CRS02b\BlackrockData\BaselineA\20190123-115255\,20190123-115255-001.nev
R:\data_raw\human\crs_array\CRS02b\BlackrockData\BaselineA\20190124-122625\,20190124-122625-001.nev
R:\data_raw\human\crs_array\CRS02b\BlackrockData\BaselineA\20190128-114412\,20190128-114412-001.nev
R:\data_raw\human\crs_array\CRS02b\BlackrockData\BaselineA\20190129-115239\,20190129-115239-001.nev
R:\data_raw\human\crs_array\CRS02b\BlackrockData\BaselineA\20190131-120658\,20190131-120658-001.nev
R:\data_raw\human\crs_array\CRS02b\BlackrockData\BaselineA\20190204-115311\,20190204-115311-001.nev
R:\data_raw\human\crs_array\CRS02b\BlackrockData\BaselineA\20190211-121608\,20190211-121608-001.nev
R:\data_raw\human\crs_array\CRS02b\BlackrockData\BaselineA\20190212-121701\,20190212-121701-001.nev
R:\data_raw\human\crs_array\CRS02b\BlackrockData\BaselineA\20190215-134841\,20190215-134841-001.nev
R:\data_raw\human\crs_array\CRS02b\BlackrockData\BaselineA\20190218-121631\,20190218-121631-001.nev
R:\data_raw\human\crs_array\CRS02b\BlackrockData\BaselineA\20190219-120545\,20190219-120545-001.nev
R:\data_raw\human\crs_array\CRS02b\BlackrockData\BaselineA\20190221-121405\,20190221-121405-001.nev
R:\data_raw\human\crs_array\CRS02b\BlackrockData\BaselineA\20190225-122009\,20190225-122009-001.nev
R:\data_raw\human\crs_array\CRS02b\BlackrockData\BaselineA\20190226-120014\,20190226-120014-001.nev
R:\data_raw\human\crs_array\CRS02b\BlackrockData\BaselineA\20190228-120243\,20190228-120243-001.nev
R:\data_raw\human\crs_array\CRS02b\BlackrockData\BaselineA\20190305-121702\,20190305-121702-001.nev
R:\data_raw\human\crs_array\CRS02b\BlackrockData\BaselineA\20190308-121038\,20190308-121038-002.nev
R:\data_raw\human\crs_array\CRS02b\BlackrockData\BaselineA\20190311-115906\,20190311-115906-001.nev
R:\data_raw\human\crs_array\CRS02b\BlackrockData\BaselineA\20190312-115624\,20190312-115624-001.nev
R:\data_raw\human\crs_array\CRS02b\BlackrockData\BaselineA\20190314-115841\,20190314-115841-001.nev
R:\data_raw\human\crs_array\CRS02b\BlackrockData\BaselineA\20190318-115748\,20190318-115748-001.nev
R:\data_raw\human\crs_array\CRS02b\BlackrockData\BaselineA\20190319-120017\,20190319-120017-001.nev
R:\data_raw\human\crs_array\CRS02b\BlackrockData\BaselineA\20190321-120232\,20190321-120232-001.nev
R:\data_raw\human\crs_array\CRS02b\BlackrockData\BaselineA\20190325-115159\,20190325-115159-001.nev
R:\data_raw\human\crs_array\CRS02b\BlackrockData\BaselineA\20190326-120431\,20190326-120431-001.nev
R:\data_raw\human\crs_array\CRS02b\BlackrockData\BaselineA\20190328-122134\,20190328-122134-001.nev
R:\data_raw\human\crs_array\CRS02b\BlackrockData\BaselineA\20190401-120721\,20190401-120721-001.nev
R:\data_raw\human\crs_array\CRS02b\BlackrockData\BaselineA\20190402-115808\,20190402-115808-001.nev
R:\data_raw\human\crs_array\CRS02b\BlackrockData\BaselineA\20190404-120749\,20190404-120749-001.nev
R:\data_raw\human\crs_array\CRS02b\BlackrockData\BaselineA\20190408-114944\,20190408-114944-001.nev
R:\data_raw\human\crs_array\CRS02b\BlackrockData\BaselineA\20190510-125934\,20190510-125934-001.nev
R:\data_raw\human\crs_array\CRS02b\BlackrockData\BaselineA\20190516-115516\,20190516-115516-001.nev
R:\data_raw\human\crs_array\CRS02b\BlackrockData\BaselineA\20190517-120441\,20190517-120441-001.nev
R:\data_raw\human\crs_array\CRS02b\BlackrockData\BaselineA\20190520-120924\,20190520-120924-001.nev
R:\data_raw\human\crs_array\CRS02b\BlackrockData\BaselineA\20190521-121056\,20190521-121056-001.nev
R:\data_raw\human\crs_array\CRS02b\BlackrockData\BaselineA\20190523-115206\,20190523-115206-001.nev
R:\data_raw\human\crs_array\CRS02b\BlackrockData\BaselineA\20190528-114029\,20190528-114029-001.nev
R:\data_raw\human\crs_array\CRS02b\BlackrockData\BaselineA\20190529-115654\,20190529-115654-001.nev
R:\data_raw\human\crs_array\CRS02b\BlackrockData\BaselineA\20190530-115124\,20190530-115124-001.nev
R:\data_raw\human\crs_array\CRS02b\BlackrockData\BaselineA\20190603-114340\,20190603-114340-001.nev
R:\data_raw\human\crs_array\CRS02b\BlackrockData\BaselineA\20190606-112902\,20190606-112902-001.nev
R:\data_raw\human\crs_array\CRS02b\BlackrockData\BaselineA\20190607-112524\,20190607-112524-001.nev
R:\data_raw\human\crs_array\CRS02b\BlackrockData\BaselineA\20190610-120001\,20190610-120001-001.nev
R:\data_raw\human\crs_array\CRS02b\BlackrockData\BaselineA\20190613-121201\,20190613-121201-001.nev
R:\data_raw\human\crs_array\CRS02b\BlackrockData\BaselineA\20190614-121922\,20190614-121922-001.nev
R:\data_raw\human\crs_array\CRS02b\BlackrockData\BaselineA\20190617-115507\,20190617-115507-001.nev
R:\data_raw\human\crs_array\CRS02b\BlackrockData\BaselineA\20190618-120705\,20190618-120705-001.nev
R:\data_raw\human\crs_array\CRS02b\BlackrockData\BaselineA\20190620-122415\,20190620-122415-001.nev
R:\data_raw\human\crs_array\CRS02b\BlackrockData\BaselineA\20190621-122142\,20190621-122142-001.nev
R:\data_raw\human\crs_array\CRS02b\BlackrockData\BaselineA\20190624-123335\,20190624-123335-001.nev
R:\data_raw\human\crs_array\CRS02b\BlackrockData\BaselineA\20190625-120017\,20190625-120017-001.nev
R:\data_raw\human\crs_array\CRS02b\BlackrockData\BaselineA\20190626-115045\,20190626-115045-001.nev
R:\data_raw\human\crs_array\CRS02b\BlackrockData\BaselineA\20190703-115647\,20190703-115647-001.nev
R:\data_raw\human\crs_array\CRS02b\BlackrockData\BaselineA\20190705-115651\,20190705-115651-001.nev
R:\data_raw\human\crs_array\CRS02b\BlackrockData\BaselineA\20190708-114943\,20190708-114943-001.nev
R:\data_raw\human\crs_array\CRS02b\BlackrockData\BaselineA\20190710-121557\,20190710-121557-001.nev
R:\data_raw\human\crs_array\CRS02b\BlackrockData\BaselineA\20190711-121350\,20190711-121350-001.nev
R:\data_raw\human\crs_array\CRS02b\BlackrockData\BaselineA\20190712-120011\,20190712-120011-001.nev
R:\data_raw\human\crs_array\CRS02b\BlackrockData\BaselineA\20190716-122625\,20190716-122625-001.nev
R:\data_raw\human\crs_array\CRS02b\BlackrockData\BaselineA\20190719-120611\,20190719-120611-001.nev
R:\data_raw\human\crs_array\CRS02b\BlackrockData\BaselineA\20190723-115308\,20190723-115308-001.nev
R:\data_raw\human\crs_array\CRS02b\BlackrockData\BaselineA\20190725-115753\,20190725-115753-001.nev
R:\data_raw\human\crs_array\CRS02b\BlackrockData\BaselineA\20190726-114001\,20190726-114001-001.nev
R:\data_raw\human\crs_array\CRS02b\BlackrockData\BaselineA\20190729-120212\,20190729-120212-001.nev
R:\data_raw\human\crs_array\CRS02b\BlackrockData\BaselineA\20190730-124927\,20190730-124927-001.nev
R:\data_raw\human\crs_array\CRS02b\BlackrockData\BaselineA\20190802-120929\,20190802-120929-001.nev
R:\data_raw\human\crs_array\CRS02b\BlackrockData\BaselineA\20190805-122256\,20190805-122256-001.nev
R:\data_raw\human\crs_array\CRS02b\BlackrockData\BaselineA\20190806-115914\,20190806-115914-001.nev
R:\data_raw\human\crs_array\CRS02b\BlackrockData\BaselineA\20190807-115805\,20190807-115805-001.nev
R:\data_raw\human\crs_array\CRS02b\BlackrockData\BaselineA\20190815-113748\,20190815-113748-001.nev
R:\data_raw\human\crs_array\CRS02b\BlackrockData\BaselineA\20190816-132538\,20190816-132538-001.nev
R:\data_raw\human\crs_array\CRS02b\BlackrockData\BaselineA\20190822-124357\,20190822-124357-001.nev
R:\data_raw\human\crs_array\CRS02b\BlackrockData\BaselineA\20190826-120448\,20190826-120448-001.nev
R:\data_raw\human\crs_array\CRS02b\BlackrockData\BaselineA\20190829-121547\,20190829-121547-001.nev
R:\data_raw\human\crs_array\CRS02b\BlackrockData\BaselineA\20190903-120313\,20190903-120313-001.nev
R:\data_raw\human\crs_array\CRS02b\BlackrockData\BaselineA\20190904-120339\,20190904-120339-001.nev
R:\data_raw\human\crs_array\CRS02b\BlackrockData\BaselineA\20190905-120329\,20190905-120329-001.nev
R:\data_raw\human\crs_array\CRS02b\BlackrockData\BaselineA\20190906-121518\,20190906-121518-001.nev
R:\data_raw\human\crs_array\CRS02b\BlackrockData\BaselineA\20190910-120226\,20190910-120226-001.nev
R:\data_raw\human\crs_array\CRS02b\BlackrockData\BaselineA\20190911-115615\,20190911-115615-001.nev
R:\data_raw\human\crs_array\CRS02b\BlackrockData\BaselineA\20190912-121434\,20190912-121434-001.nev
R:\data_raw\human\crs_array\CRS02b\BlackrockData\BaselineA\20190913-130829\,20190913-130829-001.nev
R:\data_raw\human\crs_array\CRS02b\BlackrockData\BaselineA\20190916-121535\,20190916-121535-001.nev
R:\data_raw\human\crs_array\CRS02b\BlackrockData\BaselineA\20190917-115811\,20190917-115811-001.nev
R:\data_raw\human\crs_array\CRS02b\BlackrockData\BaselineA\20190919-121155\,20190919-121155-001.nev
R:\data_raw\human\crs_array\CRS02b\BlackrockData\BaselineA\20190920-135039\,20190920-135039-001.nev
R:\data_raw\human\crs_array\CRS02b\BlackrockData\BaselineA\20190923-121609\,20190923-121609-001.nev
R:\data_raw\human\crs_array\CRS02b\BlackrockData\BaselineA\20190924-120635\,20190924-120635-001.nev
R:\data_raw\human\crs_array\CRS02b\BlackrockData\BaselineA\20190926-115257\,20190926-115257-001.nev
R:\data_raw\human\crs_array\CRS02b\BlackrockData\BaselineA\20190930-120351\,20190930-120351-001.nev
R:\data_raw\human\crs_array\CRS02b\BlackrockData\BaselineA\20191001-114922\,20191001-114922-001.nev
R:\data_raw\human\crs_array\CRS02b\BlackrockData\BaselineA\20191003-120629\,20191003-120629-001.nev
R:\data_raw\human\crs_array\CRS02b\BlackrockData\BaselineA\20191007-120242\,20191007-120242-001.nev
R:\data_raw\human\crs_array\CRS02b\BlackrockData\BaselineA\20191008-121018\,20191008-121018-001.nev
R:\data_raw\human\crs_array\CRS02b\BlackrockData\BaselineA\20191010-115028\,20191010-115028-001.nev
R:\data_raw\human\crs_array\CRS02b\BlackrockData\BaselineA\20191014-120550\,20191014-120550-001.nev
R:\data_raw\human\crs_array\CRS02b\BlackrockData\BaselineA\20191015-115817\,20191015-115817-001.nev
R:\data_raw\human\crs_array\CRS02b\BlackrockData\BaselineA\20191017-121038\,20191017-121038-001.nev
R:\data_raw\human\crs_array\CRS02b\BlackrockData\BaselineA\20191024-120046\,20191024-120046-001.nev
R:\data_raw\human\crs_array\CRS02b\BlackrockData\BaselineA\20191028-115809\,20191028-115809-001.nev
R:\data_raw\human\crs_array\CRS02b\BlackrockData\BaselineA\20191029-115838\,20191029-115838-001.nev
R:\data_raw\human\crs_array\CRS02b\BlackrockData\BaselineA\20191031-130300\,20191031-130300-001.nev
R:\data_raw\human\crs_array\CRS02b\BlackrockData\BaselineA\20191104-120906\,20191104-120906-001.nev
R:\data_raw\human\crs_array\CRS02b\BlackrockData\BaselineA\20191105-120103\,20191105-120103-001.nev
R:\data_raw\human\crs_array\CRS02b\BlackrockData\BaselineA\20191107-120744\,20191107-120744-001.nev
R:\data_raw\human\crs_array\CRS02b\BlackrockData\BaselineA\20191112-115245\,20191112-115245-001.nev
R:\data_raw\human\crs_array\CRS02b\BlackrockData\BaselineA\20191114-115456\,20191114-115456-001.nev
R:\data_raw\human\crs_array\CRS02b\BlackrockData\BaselineA\20191115-125803\,20191115-125803-001.nev
R:\data_raw\human\crs_array\CRS02b\BlackrockData\BaselineA\20191119-115449\,20191119-115449-001.nev
R:\data_raw\human\crs_array\CRS02b\BlackrockData\BaselineA\20191121-114314\,20191121-114314-001.nev
R:\data_raw\human\crs_array\CRS02b\BlackrockData\BaselineA\20191121-114719\,20191121-114719-001.nev
R:\data_raw\human\crs_array\CRS02b\BlackrockData\BaselineA\20191122-115511\,20191122-115511-001.nev
R:\data_raw\human\crs_array\CRS02b\BlackrockData\BaselineA\20191122-115649\,20191122-115649-001.nev
R:\data_raw\human\crs_array\CRS02b\BlackrockData\BaselineA\20191125-115637\,20191125-115637-001.nev
R:\data_raw\human\crs_array\CRS02b\BlackrockData\BaselineA\20191125-120834\,20191125-120834-001.nev
R:\data_raw\human\crs_array\CRS02b\BlackrockData\BaselineA\20191126-115651\,20191126-115651-001.nev
R:\data_raw\human\crs_array\CRS02b\BlackrockData\BaselineA\20191126-115846\,20191126-115846-001.nev
R:\data_raw\human\crs_array\CRS02b\BlackrockData\BaselineA\20191126-141335\,20191126-141335-001.nev
R:\data_raw\human\crs_array\CRS02b\BlackrockData\BaselineA\20191202-115242\,20191202-115242-001.nev
R:\data_raw\human\crs_array\CRS02b\BlackrockData\BaselineA\20191202-115242\,20191202-115242-002.nev
R:\data_raw\human\crs_array\CRS02b\BlackrockData\BaselineA\20191203-115324\,20191203-115324-001.nev
R:\data_raw\human\crs_array\CRS02b\BlackrockData\BaselineA\20191203-115536\,20191203-115536-001.nev
R:\data_raw\human\crs_array\CRS02b\BlackrockData\BaselineA\20191203-131332\,20191203-131332-001.nev
R:\data_raw\human\crs_array\CRS02b\BlackrockData\BaselineA\20191205-115617\,20191205-115617-001.nev
R:\data_raw\human\crs_array\CRS02b\BlackrockData\BaselineA\20191205-115801\,20191205-115801-001.nev
R:\data_raw\human\crs_array\CRS02b\BlackrockData\BaselineA\20191209-115759\,20191209-115759-001.nev
R:\data_raw\human\crs_array\CRS02b\BlackrockData\BaselineA\20191209-120007\,20191209-120007-001.nev
R:\data_raw\human\crs_array\CRS02b\BlackrockData\BaselineA\20191210-115203\,20191210-115203-001.nev
R:\data_raw\human\crs_array\CRS02b\BlackrockData\BaselineA\20191210-115203\,20191210-115203-002.nev
R:\data_raw\human\crs_array\CRS02b\BlackrockData\BaselineA\20191213-114444\,20191213-114444-001.nev
R:\data_raw\human\crs_array\CRS02b\BlackrockData\BaselineA\20191213-114804\,20191213-114804-001.nev
R:\data_raw\human\crs_array\CRS02b\BlackrockData\BaselineA\20191216-120023\,20191216-120023-001.nev
R:\data_raw\human\crs_array\CRS02b\BlackrockData\BaselineA\20191216-120222\,20191216-120222-001.nev
R:\data_raw\human\crs_array\CRS02b\BlackrockData\BaselineA\20191219-120314\,20191219-120314-001.nev
R:\data_raw\human\crs_array\CRS02b\BlackrockData\BaselineA\20191219-120521\,20191219-120521-001.nev
R:\data_raw\human\crs_array\CRS02b\BlackrockData\BaselineA\20191220-115323\,20191220-115323-001.nev
R:\data_raw\human\crs_array\CRS02b\BlackrockData\BaselineA\20191220-115503\,20191220-115503-001.nev
R:\data_raw\human\crs_array\CRS02b\BlackrockData\BaselineA\20191227-114123\,20191227-114123-001.nev
R:\data_raw\human\crs_array\CRS02b\BlackrockData\BaselineA\20191227-114322\,20191227-114322-001.nev
R:\data_raw\human\crs_array\CRS02b\BlackrockData\BaselineA\20200102-115826\,20200102-115826-001.nev
R:\data_raw\human\crs_array\CRS02b\BlackrockData\BaselineA\20200102-120044\,20200102-120044-001.nev
R:\data_raw\human\crs_array\CRS02b\BlackrockData\BaselineA\20200106-114509\,20200106-114509-001.nev
R:\data_raw\human\crs_array\CRS02b\BlackrockData\BaselineA\20200106-114654\,20200106-114654-001.nev
R:\data_raw\human\crs_array\CRS02b\BlackrockData\BaselineA\20200107-115051\,20200107-115051-001.nev
R:\data_raw\human\crs_array\CRS02b\BlackrockData\BaselineA\20200107-115248\,20200107-115248-001.nev
R:\data_raw\human\crs_array\CRS02b\BlackrockData\BaselineA\20200109-115501\,20200109-115501-001.nev
R:\data_raw\human\crs_array\CRS02b\BlackrockData\BaselineA\20200109-115641\,20200109-115641-001.nev
R:\data_raw\human\crs_array\CRS02b\BlackrockData\BaselineA\20200113-115442\,20200113-115442-001.nev
R:\data_raw\human\crs_array\CRS02b\BlackrockData\BaselineA\20200113-115712\,20200113-115712-001.nev
R:\data_raw\human\crs_array\CRS02b\BlackrockData\BaselineA\20200117-114244\,20200117-114244-001.nev
R:\data_raw\human\crs_array\CRS02b\BlackrockData\BaselineA\20200117-114429\,20200117-114429-001.nev
R:\data_raw\human\crs_array\CRS02b\BlackrockData\BaselineA\20200120-120104\,20200120-120104-001.nev
R:\data_raw\human\crs_array\CRS02b\BlackrockData\BaselineA\20200120-120318\,20200120-120318-001.nev
R:\data_raw\human\crs_array\CRS02b\BlackrockData\BaselineA\20200121-115648\,20200121-115648-001.nev
R:\data_raw\human\crs_array\CRS02b\BlackrockData\BaselineA\20200121-115648\,20200121-115648-002.nev
R:\data_raw\human\crs_array\CRS02b\BlackrockData\BaselineA\20200123-121723\,20200123-121723-001.nev
R:\data_raw\human\crs_array\CRS02b\BlackrockData\BaselineA\20200123-122104\,20200123-122104-001.nev
R:\data_raw\human\crs_array\CRS02b\BlackrockData\BaselineA\20200128-115454\,20200128-115454-001.nev
R:\data_raw\human\crs_array\CRS02b\BlackrockData\BaselineA\20200128-115652\,20200128-115652-001.nev
R:\data_raw\human\crs_array\CRS02b\BlackrockData\BaselineA\20200128-120226\,20200128-120226-001.nev
R:\data_raw\human\crs_array\CRS02b\BlackrockData\BaselineA\20200128-120416\,20200128-120416-001.nev
R:\data_raw\human\crs_array\CRS02b\BlackrockData\BaselineA\20200129-115505\,20200129-115505-001.nev
R:\data_raw\human\crs_array\CRS02b\BlackrockData\BaselineA\20200129-115711\,20200129-115711-001.nev
R:\data_raw\human\crs_array\CRS02b\BlackrockData\BaselineA\20200130-115925\,20200130-115925-001.nev
R:\data_raw\human\crs_array\CRS02b\BlackrockData\BaselineA\20200130-120109\,20200130-120109-001.nev
R:\data_raw\human\crs_array\CRS02b\BlackrockData\BaselineA\20200203-120612\,20200203-120612-001.nev
R:\data_raw\human\crs_array\CRS02b\BlackrockData\BaselineA\20200203-120755\,20200203-120755-001.nev
R:\data_raw\human\crs_array\CRS02b\BlackrockData\BaselineA\20200204-115501\,20200204-115501-001.nev
R:\data_raw\human\crs_array\CRS02b\BlackrockData\BaselineA\20200204-115655\,20200204-115655-001.nev
R:\data_raw\human\crs_array\CRS02b\BlackrockData\BaselineA\20200207-121933\,20200207-121933-001.nev
R:\data_raw\human\crs_array\CRS02b\BlackrockData\BaselineA\20200207-122134\,20200207-122134-001.nev
R:\data_raw\human\crs_array\CRS02b\BlackrockData\BaselineA\20200210-120246\,20200210-120246-001.nev
R:\data_raw\human\crs_array\CRS02b\BlackrockData\BaselineA\20200210-120529\,20200210-120529-001.nev
R:\data_raw\human\crs_array\CRS02b\BlackrockData\BaselineA\20200211-123113\,20200211-123113-001.nev
R:\data_raw\human\crs_array\CRS02b\BlackrockData\BaselineA\20200211-123259\,20200211-123259-001.nev
R:\data_raw\human\crs_array\CRS02b\BlackrockData\BaselineA\20200213-121749\,20200213-121749-001.nev
R:\data_raw\human\crs_array\CRS02b\BlackrockData\BaselineA\20200213-121954\,20200213-121954-001.nev
R:\data_raw\human\crs_array\CRS02b\BlackrockData\BaselineA\20200213-122218\,20200213-122218-001.nev
R:\data_raw\human\crs_array\CRS02b\BlackrockData\BaselineA\20200217-120033\,20200217-120033-001.nev
R:\data_raw\human\crs_array\CRS02b\BlackrockData\BaselineA\20200217-120033\,20200217-120033-002.nev
R:\data_raw\human\crs_array\CRS02b\BlackrockData\BaselineA\20200221-114758\,20200221-114758-001.nev
R:\data_raw\human\crs_array\CRS02b\BlackrockData\BaselineA\20200221-114937\,20200221-114937-001.nev
R:\data_raw\human\crs_array\CRS02b\BlackrockData\BaselineA\20200224-114705\,20200224-114705-001.nev
R:\data_raw\human\crs_array\CRS02b\BlackrockData\BaselineA\20200224-114912\,20200224-114912-001.nev
R:\data_raw\human\crs_array\CRS02b\BlackrockData\BaselineA\20200225-113915\,20200225-113915-001.nev
R:\data_raw\human\crs_array\CRS02b\BlackrockData\BaselineA\20200225-114102\,20200225-114102-001.nev
R:\data_raw\human\crs_array\CRS02b\BlackrockData\BaselineA\20200227-120327\,20200227-120327-001.nev
R:\data_raw\human\crs_array\CRS02b\BlackrockData\BaselineA\20200227-120512\,20200227-120512-001.nev
R:\data_raw\human\crs_array\CRS02b\BlackrockData\BaselineA\20200302-114713\,20200302-114713-001.nev
R:\data_raw\human\crs_array\CRS02b\BlackrockData\BaselineA\20200302-114857\,20200302-114857-001.nev
R:\data_raw\human\crs_array\CRS02b\BlackrockData\BaselineA\20200302-133410\,20200302-133410-001.nev
R:\data_raw\human\crs_array\CRS02b\BlackrockData\BaselineA\20200303-114514\,20200303-114514-001.nev
R:\data_raw\human\crs_array\CRS02b\BlackrockData\BaselineA\20200303-114754\,20200303-114754-001.nev
R:\data_raw\human\crs_array\CRS02b\BlackrockData\BaselineA\20200303-132949\,20200303-132949-001.nev
R:\data_raw\human\crs_array\CRS02b\BlackrockData\BaselineA\20200304-123215\,20200304-123215-001.nev
R:\data_raw\human\crs_array\CRS02b\BlackrockData\BaselineA\20200304-123451\,20200304-123451-001.nev
R:\data_raw\human\crs_array\CRS02b\BlackrockData\BaselineA\20200304-124212\,20200304-124212-001.nev
R:\data_raw\human\crs_array\CRS02b\BlackrockData\BaselineA\20200304-125040\,20200304-125040-001.nev
R:\data_raw\human\crs_array\CRS02b\BlackrockData\BaselineA\20200623-122229\,20200623-122229-001.nev
R:\data_raw\human\crs_array\CRS02b\BlackrockData\BaselineA\20200623-122559\,20200623-122559-001.nev
R:\data_raw\human\crs_array\CRS02b\BlackrockData\BaselineA\20200625-121341\,20200625-121341-001.nev
R:\data_raw\human\crs_array\CRS02b\BlackrockData\BaselineA\20200625-121537\,20200625-121537-001.nev
R:\data_raw\human\crs_array\CRS02b\BlackrockData\BaselineA\20200630-121104\,20200630-121104-001.nev
R:\data_raw\human\crs_array\CRS02b\BlackrockData\BaselineA\20200630-121450\,20200630-121450-001.nev
R:\data_raw\human\crs_array\CRS02b\BlackrockData\BaselineA\20200702-121320\,20200702-121320-001.nev
R:\data_raw\human\crs_array\CRS02b\BlackrockData\BaselineA\20200702-121530\,20200702-121530-001.nev
R:\data_raw\human\crs_array\CRS02b\BlackrockData\BaselineA\20200706-113933\,20200706-113933-001.nev
R:\data_raw\human\crs_array\CRS02b\BlackrockData\BaselineA\20200706-114213\,20200706-114213-001.nev
R:\data_raw\human\crs_array\CRS02b\BlackrockData\BaselineA\20200707-112508\,20200707-112508-001.nev
R:\data_raw\human\crs_array\CRS02b\BlackrockData\BaselineA\20200707-112729\,20200707-112729-001.nev
R:\data_raw\human\crs_array\CRS02b\BlackrockData\BaselineA\20200709-120133\,20200709-120133-001.nev
R:\data_raw\human\crs_array\CRS02b\BlackrockData\BaselineA\20200709-120418\,20200709-120418-001.nev
R:\data_raw\human\crs_array\CRS02b\BlackrockData\BaselineA\20200713-113756\,20200713-113756-001.nev
R:\data_raw\human\crs_array\CRS02b\BlackrockData\BaselineA\20200713-114025\,20200713-114025-001.nev
R:\data_raw\human\crs_array\CRS02b\BlackrockData\BaselineA\20200714-120913\,20200714-120913-001.nev
R:\data_raw\human\crs_array\CRS02b\BlackrockData\BaselineA\20200714-121120\,20200714-121120-001.nev
R:\data_raw\human\crs_array\CRS02b\BlackrockData\BaselineA\20200716-115746\,20200716-115746-001.nev
R:\data_raw\human\crs_array\CRS02b\BlackrockData\BaselineA\20200716-120053\,20200716-120053-001.nev
R:\data_raw\human\crs_array\CRS02b\BlackrockData\BaselineA\20200720-121901\,20200720-121901-001.nev
R:\data_raw\human\crs_array\CRS02b\BlackrockData\BaselineA\20200720-122016\,20200720-122016-001.nev
R:\data_raw\human\crs_array\CRS02b\BlackrockData\BaselineA\20200720-122311\,20200720-122311-001.nev
R:\data_raw\human\crs_array\CRS02b\BlackrockData\BaselineA\20200721-115338\,20200721-115338-001.nev
R:\data_raw\human\crs_array\CRS02b\BlackrockData\BaselineA\20200721-115531\,20200721-115531-001.nev
R:\data_raw\human\crs_array\CRS02b\BlackrockData\BaselineA\20200723-120529\,20200723-120529-001.nev
R:\data_raw\human\crs_array\CRS02b\BlackrockData\BaselineA\20200723-122315\,20200723-122315-001.nev
R:\data_raw\human\crs_array\CRS02b\BlackrockData\BaselineA\20200727-123433\,20200727-123433-001.nev
R:\data_raw\human\crs_array\CRS02b\BlackrockData\BaselineA\20200727-123711\,20200727-123711-001.nev
R:\data_raw\human\crs_array\CRS02b\BlackrockData\BaselineA\20200728-120332\,20200728-120332-001.nev
R:\data_raw\human\crs_array\CRS02b\BlackrockData\BaselineA\20200728-120524\,20200728-120524-001.nev
R:\data_raw\human\crs_array\CRS02b\BlackrockData\BaselineA\20200730-115106\,20200730-115106-001.nev
R:\data_raw\human\crs_array\CRS02b\BlackrockData\BaselineA\20200730-115420\,20200730-115420-001.nev
R:\data_raw\human\crs_array\CRS02b\BlackrockData\BaselineA\20200803-120304\,20200803-120304-001.nev
R:\data_raw\human\crs_array\CRS02b\BlackrockData\BaselineA\20200803-120523\,20200803-120523-001.nev
R:\data_raw\human\crs_array\CRS02b\BlackrockData\BaselineA\20200804-151936\,20200804-151936-001.nev
R:\data_raw\human\crs_array\CRS02b\BlackrockData\BaselineA\20200804-152207\,20200804-152207-001.nev
R:\data_raw\human\crs_array\CRS02b\BlackrockData\BaselineA\20200806-120712\,20200806-120712-001.nev
R:\data_raw\human\crs_array\CRS02b\BlackrockData\BaselineA\20200806-120933\,20200806-120933-001.nev
R:\data_raw\human\crs_array\CRS02b\BlackrockData\BaselineA\20200810-120639\,20200810-120639-001.nev
R:\data_raw\human\crs_array\CRS02b\BlackrockData\BaselineA\20200810-120902\,20200810-120902-001.nev
R:\data_raw\human\crs_array\CRS02b\BlackrockData\BaselineA\20200811-114114\,20200811-114114-001.nev
R:\data_raw\human\crs_array\CRS02b\BlackrockData\BaselineA\20200811-114322\,20200811-114322-001.nev
R:\data_raw\human\crs_array\CRS02b\BlackrockData\BaselineA\20200813-123523\,20200813-123523-001.nev
R:\data_raw\human\crs_array\CRS02b\BlackrockData\BaselineA\20200813-123704\,20200813-123704-001.nev
R:\data_raw\human\crs_array\CRS02b\BlackrockData\BaselineA\20200817-115459\,20200817-115459-001.nev
R:\data_raw\human\crs_array\CRS02b\BlackrockData\BaselineA\20200817-115710\,20200817-115710-001.nev
R:\data_raw\human\crs_array\CRS02b\BlackrockData\BaselineA\20200820-114208\,20200820-114208-001.nev
R:\data_raw\human\crs_array\CRS02b\BlackrockData\BaselineA\20200820-114435\,20200820-114435-001.nev
