R:\data_raw\human\rp3_bmi\BMI01\BlackrockData\PedA\20120220-103229\,20120220-103229-001.nev
R:\data_raw\human\rp3_bmi\BMI01\BlackrockData\PedA\20120220-104022\,20120220-104022-001.nev
R:\data_raw\human\rp3_bmi\BMI01\BlackrockData\PedA\20120220-135825\,20120220-135825-001.nev
R:\data_raw\human\rp3_bmi\BMI01\BlackrockData\PedA\20120221-111056\,20120221-111056-001.nev
R:\data_raw\human\rp3_bmi\BMI01\BlackrockData\PedA\20120221-132117\,20120221-132117-001.nev
R:\data_raw\human\rp3_bmi\BMI01\BlackrockData\PedA\20120222-105712\,20120222-105712-001.nev
R:\data_raw\human\rp3_bmi\BMI01\BlackrockData\PedA\20120222-131914\,20120222-131914-001.nev
R:\data_raw\human\rp3_bmi\BMI01\BlackrockData\PedA\20120227-111149\,20120227-111149-001.nev
R:\data_raw\human\rp3_bmi\BMI01\BlackrockData\PedA\20120227-133642\,20120227-133642-001.nev
R:\data_raw\human\rp3_bmi\BMI01\BlackrockData\PedA\20120228-114817\,20120228-114817-001.nev
R:\data_raw\human\rp3_bmi\BMI01\BlackrockData\PedA\20120228-114956\,20120228-114956-001.nev
R:\data_raw\human\rp3_bmi\BMI01\BlackrockData\PedA\20120302-110842\,20120302-110842-001.nev
R:\data_raw\human\rp3_bmi\BMI01\BlackrockData\PedA\20120302-140201\,20120302-140201-001.nev
R:\data_raw\human\rp3_bmi\BMI01\BlackrockData\PedA\20120302-140201\,20120302-140201-002.nev
R:\data_raw\human\rp3_bmi\BMI01\BlackrockData\PedA\20120305-110529\,20120305-110529-001.nev
R:\data_raw\human\rp3_bmi\BMI01\BlackrockData\PedA\20120305-133726\,20120305-133726-001.nev
R:\data_raw\human\rp3_bmi\BMI01\BlackrockData\PedA\20120306-105414\,20120306-105414-001.nev
R:\data_raw\human\rp3_bmi\BMI01\BlackrockData\PedA\20120306-105414\,20120306-105414-002.nev
R:\data_raw\human\rp3_bmi\BMI01\BlackrockData\PedA\20120306-105754\,20120306-105754-001.nev
R:\data_raw\human\rp3_bmi\BMI01\BlackrockData\PedA\20120306-131837\,20120306-131837-001.nev
R:\data_raw\human\rp3_bmi\BMI01\BlackrockData\PedA\20120309-112119\,20120309-112119-001.nev
R:\data_raw\human\rp3_bmi\BMI01\BlackrockData\PedA\20120309-135352\,20120309-135352-001.nev
R:\data_raw\human\rp3_bmi\BMI01\BlackrockData\PedA\20120312-105822\,20120312-105822-001.nev
R:\data_raw\human\rp3_bmi\BMI01\BlackrockData\PedA\20120312-133026\,20120312-133026-001.nev
R:\data_raw\human\rp3_bmi\BMI01\BlackrockData\PedA\20120313-111356\,20120313-111356-001.nev
R:\data_raw\human\rp3_bmi\BMI01\BlackrockData\PedA\20120313-132842\,20120313-132842-001.nev
R:\data_raw\human\rp3_bmi\BMI01\BlackrockData\PedA\20120316-105854\,20120316-105854-001.nev
R:\data_raw\human\rp3_bmi\BMI01\BlackrockData\PedA\20120316-133502\,20120316-133502-001.nev
R:\data_raw\human\rp3_bmi\BMI01\BlackrockData\PedA\20120319-105801\,20120319-105801-001.nev
R:\data_raw\human\rp3_bmi\BMI01\BlackrockData\PedA\20120319-131016\,20120319-131016-001.nev
R:\data_raw\human\rp3_bmi\BMI01\BlackrockData\PedA\20120320-110351\,20120320-110351-001.nev
R:\data_raw\human\rp3_bmi\BMI01\BlackrockData\PedA\20120320-131540\,20120320-131540-001.nev
R:\data_raw\human\rp3_bmi\BMI01\BlackrockData\PedA\20120323-095141\,20120323-095141-001.nev
R:\data_raw\human\rp3_bmi\BMI01\BlackrockData\PedA\20120326-110953\,20120326-110953-001.nev
R:\data_raw\human\rp3_bmi\BMI01\BlackrockData\PedA\20120326-132828\,20120326-132828-001.nev
R:\data_raw\human\rp3_bmi\BMI01\BlackrockData\PedA\20120327-110159\,20120327-110159-001.nev
R:\data_raw\human\rp3_bmi\BMI01\BlackrockData\PedA\20120402-110510\,20120402-110510-001.nev
R:\data_raw\human\rp3_bmi\BMI01\BlackrockData\PedA\20120405-102434\,20120405-102434-001.nev
R:\data_raw\human\rp3_bmi\BMI01\BlackrockData\PedA\20120405-102602\,20120405-102602-001.nev
R:\data_raw\human\rp3_bmi\BMI01\BlackrockData\PedA\20120409-105738\,20120409-105738-001.nev
R:\data_raw\human\rp3_bmi\BMI01\BlackrockData\PedA\20120409-105738\,20120409-105738-002.nev
R:\data_raw\human\rp3_bmi\BMI01\BlackrockData\PedA\20120409-105858\,20120409-105858-001.nev
R:\data_raw\human\rp3_bmi\BMI01\BlackrockData\PedA\20120409-135011\,20120409-135011-001.nev
R:\data_raw\human\rp3_bmi\BMI01\BlackrockData\PedA\20120410-110042\,20120410-110042-001.nev
R:\data_raw\human\rp3_bmi\BMI01\BlackrockData\PedA\20120410-110042\,20120410-110042-002.nev
R:\data_raw\human\rp3_bmi\BMI01\BlackrockData\PedA\20120410-141929\,20120410-141929-001.nev
R:\data_raw\human\rp3_bmi\BMI01\BlackrockData\PedA\20120413-101444\,20120413-101444-001.nev
R:\data_raw\human\rp3_bmi\BMI01\BlackrockData\PedA\20120416-101024\,20120416-101024-001.nev
R:\data_raw\human\rp3_bmi\BMI01\BlackrockData\PedA\20120416-123024\,20120416-123024-001.nev
R:\data_raw\human\rp3_bmi\BMI01\BlackrockData\PedA\20120417-110556\,20120417-110556-001.nev
R:\data_raw\human\rp3_bmi\BMI01\BlackrockData\PedA\20120417-135342\,20120417-135342-001.nev
R:\data_raw\human\rp3_bmi\BMI01\BlackrockData\PedA\20120420-100304\,20120420-100304-001.nev
R:\data_raw\human\rp3_bmi\BMI01\BlackrockData\PedA\20120424-105952\,20120424-105952-001.nev
R:\data_raw\human\rp3_bmi\BMI01\BlackrockData\PedA\20120424-134947\,20120424-134947-001.nev
R:\data_raw\human\rp3_bmi\BMI01\BlackrockData\PedA\20120425-095641\,20120425-095641-001.nev
R:\data_raw\human\rp3_bmi\BMI01\BlackrockData\PedA\20120427-095358\,20120427-095358-001.nev
R:\data_raw\human\rp3_bmi\BMI01\BlackrockData\PedA\20120430-102545\,20120430-102545-001.nev
R:\data_raw\human\rp3_bmi\BMI01\BlackrockData\PedA\20120501-105408\,20120501-105408-001.nev
R:\data_raw\human\rp3_bmi\BMI01\BlackrockData\PedA\20120504-095107\,20120504-095107-001.nev
R:\data_raw\human\rp3_bmi\BMI01\BlackrockData\PedA\20120507-100518\,20120507-100518-001.nev
R:\data_raw\human\rp3_bmi\BMI01\BlackrockData\PedA\20120507-100549\,20120507-100549-001.nev
R:\data_raw\human\rp3_bmi\BMI01\BlackrockData\PedA\20120507-125210\,20120507-125210-001.nev
R:\data_raw\human\rp3_bmi\BMI01\BlackrockData\PedA\20120508-104807\,20120508-104807-001.nev
R:\data_raw\human\rp3_bmi\BMI01\BlackrockData\PedA\20120508-104843\,20120508-104843-001.nev
R:\data_raw\human\rp3_bmi\BMI01\BlackrockData\PedA\20120508-142645\,20120508-142645-001.nev
R:\data_raw\human\rp3_bmi\BMI01\BlackrockData\PedA\20120514-102014\,20120514-102014-001.nev
R:\data_raw\human\rp3_bmi\BMI01\BlackrockData\PedA\20120515-111445\,20120515-111445-001.nev
R:\data_raw\human\rp3_bmi\BMI01\BlackrockData\PedA\20120518-102140\,20120518-102140-001.nev
R:\data_raw\human\rp3_bmi\BMI01\BlackrockData\PedA\20120521-095957\,20120521-095957-001.nev
R:\data_raw\human\rp3_bmi\BMI01\BlackrockData\PedA\20120521-124401\,20120521-124401-001.nev
R:\data_raw\human\rp3_bmi\BMI01\BlackrockData\PedA\20120523-100809\,20120523-100809-001.nev
R:\data_raw\human\rp3_bmi\BMI01\BlackrockData\PedA\20120525-093457\,20120525-093457-001.nev
R:\data_raw\human\rp3_bmi\BMI01\BlackrockData\PedA\20120525-093640\,20120525-093640-001.nev
R:\data_raw\human\rp3_bmi\BMI01\BlackrockData\PedA\20120529-105524\,20120529-105524-001.nev
R:\data_raw\human\rp3_bmi\BMI01\BlackrockData\PedA\20120529-105559\,20120529-105559-001.nev
R:\data_raw\human\rp3_bmi\BMI01\BlackrockData\PedA\20120601-095527\,20120601-095527-001.nev
R:\data_raw\human\rp3_bmi\BMI01\BlackrockData\PedA\20120604-100001\,20120604-100001-001.nev
R:\data_raw\human\rp3_bmi\BMI01\BlackrockData\PedA\20120605-105849\,20120605-105849-001.nev
R:\data_raw\human\rp3_bmi\BMI01\BlackrockData\PedA\20120608-095951\,20120608-095951-001.nev
R:\data_raw\human\rp3_bmi\BMI01\BlackrockData\PedA\20120611-100041\,20120611-100041-001.nev
R:\data_raw\human\rp3_bmi\BMI01\BlackrockData\PedA\20120612-104542\,20120612-104542-001.nev
R:\data_raw\human\rp3_bmi\BMI01\BlackrockData\PedA\20120615-104907\,20120615-104907-001.nev
R:\data_raw\human\rp3_bmi\BMI01\BlackrockData\PedA\20120615-132144\,20120615-132144-001.nev
R:\data_raw\human\rp3_bmi\BMI01\BlackrockData\PedA\20120622-095944\,20120622-095944-001.nev
R:\data_raw\human\rp3_bmi\BMI01\BlackrockData\PedA\20120625-102027\,20120625-102027-001.nev
R:\data_raw\human\rp3_bmi\BMI01\BlackrockData\PedA\20120626-104937\,20120626-104937-001.nev
R:\data_raw\human\rp3_bmi\BMI01\BlackrockData\PedA\20120629-094143\,20120629-094143-001.nev
R:\data_raw\human\rp3_bmi\BMI01\BlackrockData\PedA\20120702-094300\,20120702-094300-001.nev
R:\data_raw\human\rp3_bmi\BMI01\BlackrockData\PedA\20120703-103458\,20120703-103458-001.nev
R:\data_raw\human\rp3_bmi\BMI01\BlackrockData\PedA\20120706-095102\,20120706-095102-001.nev
R:\data_raw\human\rp3_bmi\BMI01\BlackrockData\PedA\20120709-093325\,20120709-093325-001.nev
R:\data_raw\human\rp3_bmi\BMI01\BlackrockData\PedA\20120713-100006\,20120713-100006-001.nev
R:\data_raw\human\rp3_bmi\BMI01\BlackrockData\PedA\20120716-093227\,20120716-093227-001.nev
R:\data_raw\human\rp3_bmi\BMI01\BlackrockData\PedA\20120717-104118\,20120717-104118-001.nev
R:\data_raw\human\rp3_bmi\BMI01\BlackrockData\PedA\20120720-094435\,20120720-094435-001.nev
R:\data_raw\human\rp3_bmi\BMI01\BlackrockData\PedA\20120723-094256\,20120723-094256-001.nev
R:\data_raw\human\rp3_bmi\BMI01\BlackrockData\PedA\20120724-110121\,20120724-110121-001.nev
R:\data_raw\human\rp3_bmi\BMI01\BlackrockData\PedA\20120727-095614\,20120727-095614-001.nev
R:\data_raw\human\rp3_bmi\BMI01\BlackrockData\PedA\20120728-090842\,20120728-090842-001.nev
R:\data_raw\human\rp3_bmi\BMI01\BlackrockData\PedA\20120728-090920\,20120728-090920-001.nev
R:\data_raw\human\rp3_bmi\BMI01\BlackrockData\PedA\20120803-094718\,20120803-094718-001.nev
R:\data_raw\human\rp3_bmi\BMI01\BlackrockData\PedA\20120807-110138\,20120807-110138-001.nev
R:\data_raw\human\rp3_bmi\BMI01\BlackrockData\PedA\20120808-094208\,20120808-094208-001.nev
R:\data_raw\human\rp3_bmi\BMI01\BlackrockData\PedA\20120808-094553\,20120808-094553-001.nev
R:\data_raw\human\rp3_bmi\BMI01\BlackrockData\PedA\20120810-093834\,20120810-093834-001.nev
R:\data_raw\human\rp3_bmi\BMI01\BlackrockData\PedA\20120813-095853\,20120813-095853-001.nev
R:\data_raw\human\rp3_bmi\BMI01\BlackrockData\PedA\20120814-103328\,20120814-103328-001.nev
R:\data_raw\human\rp3_bmi\BMI01\BlackrockData\PedA\20120817-094307\,20120817-094307-001.nev
R:\data_raw\human\rp3_bmi\BMI01\BlackrockData\PedA\20120820-095203\,20120820-095203-001.nev
R:\data_raw\human\rp3_bmi\BMI01\BlackrockData\PedA\20120821-104451\,20120821-104451-001.nev
R:\data_raw\human\rp3_bmi\BMI01\BlackrockData\PedA\20120824-094732\,20120824-094732-001.nev
R:\data_raw\human\rp3_bmi\BMI01\BlackrockData\PedA\20120827-105007\,20120827-105007-001.nev
R:\data_raw\human\rp3_bmi\BMI01\BlackrockData\PedA\20120828-105357\,20120828-105357-001.nev
R:\data_raw\human\rp3_bmi\BMI01\BlackrockData\PedA\20120831-094645\,20120831-094645-001.nev
R:\data_raw\human\rp3_bmi\BMI01\BlackrockData\PedA\20120904-105517\,20120904-105517-001.nev
R:\data_raw\human\rp3_bmi\BMI01\BlackrockData\PedA\20120907-100435\,20120907-100435-001.nev
R:\data_raw\human\rp3_bmi\BMI01\BlackrockData\PedA\20120911-105141\,20120911-105141-001.nev
R:\data_raw\human\rp3_bmi\BMI01\BlackrockData\PedA\20120914-094532\,20120914-094532-001.nev
R:\data_raw\human\rp3_bmi\BMI01\BlackrockData\PedA\20120917-095425\,20120917-095425-001.nev
R:\data_raw\human\rp3_bmi\BMI01\BlackrockData\PedA\20120918-104800\,20120918-104800-001.nev
R:\data_raw\human\rp3_bmi\BMI01\BlackrockData\PedA\20120925-110259\,20120925-110259-001.nev
R:\data_raw\human\rp3_bmi\BMI01\BlackrockData\PedA\20120926-102954\,20120926-102954-001.nev
R:\data_raw\human\rp3_bmi\BMI01\BlackrockData\PedA\20120928-094446\,20120928-094446-001.nev
R:\data_raw\human\rp3_bmi\BMI01\BlackrockData\PedA\20121002-105244\,20121002-105244-001.nev
R:\data_raw\human\rp3_bmi\BMI01\BlackrockData\PedA\20121003-095115\,20121003-095115-001.nev
R:\data_raw\human\rp3_bmi\BMI01\BlackrockData\PedA\20121009-105409\,20121009-105409-001.nev
R:\data_raw\human\rp3_bmi\BMI01\BlackrockData\PedA\20121010-094750\,20121010-094750-001.nev
R:\data_raw\human\rp3_bmi\BMI01\BlackrockData\PedA\20121012-100339\,20121012-100339-001.nev
R:\data_raw\human\rp3_bmi\BMI01\BlackrockData\PedA\20121016-104528\,20121016-104528-001.nev
R:\data_raw\human\rp3_bmi\BMI01\BlackrockData\PedA\20121016-104600\,20121016-104600-001.nev
R:\data_raw\human\rp3_bmi\BMI01\BlackrockData\PedA\20121017-094848\,20121017-094848-001.nev
R:\data_raw\human\rp3_bmi\BMI01\BlackrockData\PedA\20121017-094848\,20121017-094848-002.nev
R:\data_raw\human\rp3_bmi\BMI01\BlackrockData\PedA\20121019-095108\,20121019-095108-001.nev
R:\data_raw\human\rp3_bmi\BMI01\BlackrockData\PedA\20121023-105134\,20121023-105134-001.nev
R:\data_raw\human\rp3_bmi\BMI01\BlackrockData\PedA\20121024-110350\,20121024-110350-001.nev
R:\data_raw\human\rp3_bmi\BMI01\BlackrockData\PedA\20121026-094320\,20121026-094320-001.nev
R:\data_raw\human\rp3_bmi\BMI01\BlackrockData\PedA\20121031-101832\,20121031-101832-001.nev
R:\data_raw\human\rp3_bmi\BMI01\BlackrockData\PedA\20121102-094314\,20121102-094314-001.nev
R:\data_raw\human\rp3_bmi\BMI01\BlackrockData\PedA\20121106-105429\,20121106-105429-001.nev
R:\data_raw\human\rp3_bmi\BMI01\BlackrockData\PedA\20121107-095333\,20121107-095333-001.nev
R:\data_raw\human\rp3_bmi\BMI01\BlackrockData\PedA\20121109-095651\,20121109-095651-001.nev
R:\data_raw\human\rp3_bmi\BMI01\BlackrockData\PedA\20121113-110708\,20121113-110708-001.nev
R:\data_raw\human\rp3_bmi\BMI01\BlackrockData\PedA\20121116-095451\,20121116-095451-001.nev
R:\data_raw\human\rp3_bmi\BMI01\BlackrockData\PedA\20121120-104022\,20121120-104022-001.nev
R:\data_raw\human\rp3_bmi\BMI01\BlackrockData\PedA\20121121-094526\,20121121-094526-001.nev
R:\data_raw\human\rp3_bmi\BMI01\BlackrockData\PedA\20121128-101457\,20121128-101457-001.nev
R:\data_raw\human\rp3_bmi\BMI01\BlackrockData\PedA\20121130-095706\,20121130-095706-001.nev
R:\data_raw\human\rp3_bmi\BMI01\BlackrockData\PedA\20121203-093522 A\,20121203-093522-001.nev
R:\data_raw\human\rp3_bmi\BMI01\BlackrockData\PedA\20121204-105619\,20121204-105619-001.nev
R:\data_raw\human\rp3_bmi\BMI01\BlackrockData\PedA\20121205-094002\,20121205-094002-001.nev
R:\data_raw\human\rp3_bmi\BMI01\BlackrockData\PedA\20121211-111258\,20121211-111258-001.nev
R:\data_raw\human\rp3_bmi\BMI01\BlackrockData\PedA\20121212-094135\,20121212-094135-001.nev
R:\data_raw\human\rp3_bmi\BMI01\BlackrockData\PedA\20121213-094351 A\,20121213-094351-001.nev
R:\data_raw\human\rp3_bmi\BMI01\BlackrockData\PedA\20121214-093248\,20121214-093248-001.nev
R:\data_raw\human\rp3_bmi\BMI01\BlackrockData\PedA\20121219-100529\,20121219-100529-001.nev
R:\data_raw\human\rp3_bmi\BMI01\BlackrockData\PedA\20130102-101548\,20130102-101548-001.nev
R:\data_raw\human\rp3_bmi\BMI01\BlackrockData\PedA\20130104-094309\,20130104-094309-001.nev
R:\data_raw\human\rp3_bmi\BMI01\BlackrockData\PedA\20130115-104754\,20130115-104754-001.nev
R:\data_raw\human\rp3_bmi\BMI01\BlackrockData\PedA\20130116-095440\,20130116-095440-001.nev
R:\data_raw\human\rp3_bmi\BMI01\BlackrockData\PedA\20130118-095619\,20130118-095619-001.nev
R:\data_raw\human\rp3_bmi\BMI01\BlackrockData\PedA\20130122-112119\,20130122-112119-001.nev
R:\data_raw\human\rp3_bmi\BMI01\BlackrockData\PedA\20130123-094213\,20130123-094213-001.nev
R:\data_raw\human\rp3_bmi\BMI01\BlackrockData\PedA\20130205-111720\,20130205-111720-001.nev
R:\data_raw\human\rp3_bmi\BMI01\BlackrockData\PedA\20130206-122916\,20130206-122916-001.nev
R:\data_raw\human\rp3_bmi\BMI01\BlackrockData\PedA\20130211-100503\,20130211-100503-001.nev
R:\data_raw\human\rp3_bmi\BMI01\BlackrockData\PedA\20130215-094645\,20130215-094645-001.nev
R:\data_raw\human\rp3_bmi\BMI01\BlackrockData\PedA\20130219-105402\,20130219-105402-001.nev
R:\data_raw\human\rp3_bmi\BMI01\BlackrockData\PedA\20130222-093909\,20130222-093909-001.nev
R:\data_raw\human\rp3_bmi\BMI01\BlackrockData\PedA\20130226-110307\,20130226-110307-001.nev
R:\data_raw\human\rp3_bmi\BMI01\BlackrockData\PedA\20130227-094201\,20130227-094201-001.nev
R:\data_raw\human\rp3_bmi\BMI01\BlackrockData\PedA\20130304-110820\,20130304-110820-001.nev
R:\data_raw\human\rp3_bmi\BMI01\BlackrockData\PedA\20130306-094610\,20130306-094610-001.nev
R:\data_raw\human\rp3_bmi\BMI01\BlackrockData\PedA\20130311-092002\,20130311-092002-001.nev
R:\data_raw\human\rp3_bmi\BMI01\BlackrockData\PedA\20130313-115525\,20130313-115525-001.nev
R:\data_raw\human\rp3_bmi\BMI01\BlackrockData\PedA\20130319-113237\,20130319-113237-001.nev
R:\data_raw\human\rp3_bmi\BMI01\BlackrockData\PedA\20130320-094318\,20130320-094318-001.nev
R:\data_raw\human\rp3_bmi\BMI01\BlackrockData\PedA\20130326-110741\,20130326-110741-001.nev
R:\data_raw\human\rp3_bmi\BMI01\BlackrockData\PedA\20130327-093455\,20130327-093455-001.nev
R:\data_raw\human\rp3_bmi\BMI01\BlackrockData\PedA\20130329-095814\,20130329-095814-001.nev
R:\data_raw\human\rp3_bmi\BMI01\BlackrockData\PedA\20130402-105258\,20130402-105258-001.nev
R:\data_raw\human\rp3_bmi\BMI01\BlackrockData\PedA\20130403-093722\,20130403-093722-001.nev
R:\data_raw\human\rp3_bmi\BMI01\BlackrockData\PedA\20130409-104116\,20130409-104116-001.nev
R:\data_raw\human\rp3_bmi\BMI01\BlackrockData\PedA\20130410-093419\,20130410-093419-001.nev
R:\data_raw\human\rp3_bmi\BMI01\BlackrockData\PedA\20130416-104007\,20130416-104007-001.nev
R:\data_raw\human\rp3_bmi\BMI01\BlackrockData\PedA\20130417-094423\,20130417-094423-001.nev
R:\data_raw\human\rp3_bmi\BMI01\BlackrockData\PedA\20130419-123000\,20130419-123000-001.nev
R:\data_raw\human\rp3_bmi\BMI01\BlackrockData\PedA\20130423-105145\,20130423-105145-001.nev
R:\data_raw\human\rp3_bmi\BMI01\BlackrockData\PedA\20130424-093449\,20130424-093449-001.nev
R:\data_raw\human\rp3_bmi\BMI01\BlackrockData\PedA\20130430-104733\,20130430-104733-001.nev
R:\data_raw\human\rp3_bmi\BMI01\BlackrockData\PedA\20130501-094314\,20130501-094314-001.nev
R:\data_raw\human\rp3_bmi\BMI01\BlackrockData\PedA\20130503-093640\,20130503-093640-001.nev
R:\data_raw\human\rp3_bmi\BMI01\BlackrockData\PedA\20130507-105034\,20130507-105034-001.nev
R:\data_raw\human\rp3_bmi\BMI01\BlackrockData\PedA\20130508-094648\,20130508-094648-001.nev
R:\data_raw\human\rp3_bmi\BMI01\BlackrockData\PedA\20130510-110254\,20130510-110254-001.nev
R:\data_raw\human\rp3_bmi\BMI01\BlackrockData\PedA\20130514-105602\,20130514-105602-001.nev
R:\data_raw\human\rp3_bmi\BMI01\BlackrockData\PedA\20130515-092716\,20130515-092716-001.nev
R:\data_raw\human\rp3_bmi\BMI01\BlackrockData\PedA\20130521-101307\,20130521-101307-001.nev
R:\data_raw\human\rp3_bmi\BMI01\BlackrockData\PedA\20130522-095009\,20130522-095009-001.nev
R:\data_raw\human\rp3_bmi\BMI01\BlackrockData\PedA\20130528-105659\,20130528-105659-001.nev
R:\data_raw\human\rp3_bmi\BMI01\BlackrockData\PedA\20130529-092449\,20130529-092449-001.nev
R:\data_raw\human\rp3_bmi\BMI01\BlackrockData\PedA\20130604-105448\,20130604-105448-001.nev
R:\data_raw\human\rp3_bmi\BMI01\BlackrockData\PedA\20130605-093823\,20130605-093823-001.nev
R:\data_raw\human\rp3_bmi\BMI01\BlackrockData\PedA\20130607-093645\,20130607-093645-001.nev
R:\data_raw\human\rp3_bmi\BMI01\BlackrockData\PedA\20130611-105013\,20130611-105013-001.nev
R:\data_raw\human\rp3_bmi\BMI01\BlackrockData\PedA\20130612-093136\,20130612-093136-001.nev
R:\data_raw\human\rp3_bmi\BMI01\BlackrockData\PedA\20130614-093634\,20130614-093634-001.nev
R:\data_raw\human\rp3_bmi\BMI01\BlackrockData\PedA\20130618-110548\,20130618-110548-001.nev
R:\data_raw\human\rp3_bmi\BMI01\BlackrockData\PedA\20130621-094726\,20130621-094726-001.nev
R:\data_raw\human\rp3_bmi\BMI01\BlackrockData\PedA\20130625-110428\,20130625-110428-001.nev
R:\data_raw\human\rp3_bmi\BMI01\BlackrockData\PedA\20130626-092552\,20130626-092552-001.nev
R:\data_raw\human\rp3_bmi\BMI01\BlackrockData\PedA\20130628-093144\,20130628-093144-001.nev
R:\data_raw\human\rp3_bmi\BMI01\BlackrockData\PedA\20130702-105141\,20130702-105141-001.nev
R:\data_raw\human\rp3_bmi\BMI01\BlackrockData\PedA\20130703-093650\,20130703-093650-001.nev
R:\data_raw\human\rp3_bmi\BMI01\BlackrockData\PedA\20130709-104511\,20130709-104511-001.nev
R:\data_raw\human\rp3_bmi\BMI01\BlackrockData\PedA\20130716-103727\,20130716-103727-001.nev
R:\data_raw\human\rp3_bmi\BMI01\BlackrockData\PedA\20130717-093551\,20130717-093551-001.nev
R:\data_raw\human\rp3_bmi\BMI01\BlackrockData\PedA\20130723-140622\,20130723-140622-001.nev
R:\data_raw\human\rp3_bmi\BMI01\BlackrockData\PedA\20130724-093347\,20130724-093347-001.nev
R:\data_raw\human\rp3_bmi\BMI01\BlackrockData\PedA\20130726-094346\,20130726-094346-001.nev
R:\data_raw\human\rp3_bmi\BMI01\BlackrockData\PedA\20130730-103153\,20130730-103153-001.nev
R:\data_raw\human\rp3_bmi\BMI01\BlackrockData\PedA\20130731-092635\,20130731-092635-001.nev
R:\data_raw\human\rp3_bmi\BMI01\BlackrockData\PedA\20130806-102926\,20130806-102926-001.nev
R:\data_raw\human\rp3_bmi\BMI01\BlackrockData\PedA\20130807-103356\,20130807-103356-001.nev
R:\data_raw\human\rp3_bmi\BMI01\BlackrockData\PedA\20130807-104739\,20130807-104739-001.nev
R:\data_raw\human\rp3_bmi\BMI01\BlackrockData\PedA\20130813-103208\,20130813-103208-001.nev
R:\data_raw\human\rp3_bmi\BMI01\BlackrockData\PedA\20130814-091816\,20130814-091816-001.nev
R:\data_raw\human\rp3_bmi\BMI01\BlackrockData\PedA\20130816-094055\,20130816-094055-001.nev
R:\data_raw\human\rp3_bmi\BMI01\BlackrockData\PedA\20130820-093812\,20130820-093812-001.nev
R:\data_raw\human\rp3_bmi\BMI01\BlackrockData\PedA\20130821-092949\,20130821-092949-001.nev
R:\data_raw\human\rp3_bmi\BMI01\BlackrockData\PedA\20130823-093103\,20130823-093103-001.nev
R:\data_raw\human\rp3_bmi\BMI01\BlackrockData\PedA\20130827-103409\,20130827-103409-001.nev
R:\data_raw\human\rp3_bmi\BMI01\BlackrockData\PedA\20130828-101738\,20130828-101738-001.nev
R:\data_raw\human\rp3_bmi\BMI01\BlackrockData\PedA\20130910-102701\,20130910-102701-001.nev
R:\data_raw\human\rp3_bmi\BMI01\BlackrockData\PedA\20130911-092813\,20130911-092813-001.nev
R:\data_raw\human\rp3_bmi\BMI01\BlackrockData\PedA\20130913-095718\,20130913-095718-001.nev
R:\data_raw\human\rp3_bmi\BMI01\BlackrockData\PedA\20130917-094209\,20130917-094209-001.nev
R:\data_raw\human\rp3_bmi\BMI01\BlackrockData\PedA\20130918-094332\,20130918-094332-001.nev
R:\data_raw\human\rp3_bmi\BMI01\BlackrockData\PedA\20130924-102351\,20130924-102351-001.nev
R:\data_raw\human\rp3_bmi\BMI01\BlackrockData\PedA\20130925-093750\,20130925-093750-001.nev
R:\data_raw\human\rp3_bmi\BMI01\BlackrockData\PedA\20130925-094430\,20130925-094430-001.nev
R:\data_raw\human\rp3_bmi\BMI01\BlackrockData\PedA\20130927-094655\,20130927-094655-001.nev
R:\data_raw\human\rp3_bmi\BMI01\BlackrockData\PedA\20131001-093540\,20131001-093540-001.nev
R:\data_raw\human\rp3_bmi\BMI01\BlackrockData\PedA\20131002-092947\,20131002-092947-001.nev
R:\data_raw\human\rp3_bmi\BMI01\BlackrockData\PedA\20131008-095544\,20131008-095544-001.nev
R:\data_raw\human\rp3_bmi\BMI01\BlackrockData\PedA\20131011-093709\,20131011-093709-001.nev
R:\data_raw\human\rp3_bmi\BMI01\BlackrockData\PedA\20131015-095645\,20131015-095645-001.nev
R:\data_raw\human\rp3_bmi\BMI01\BlackrockData\PedA\20131022-101706\,20131022-101706-001.nev
R:\data_raw\human\rp3_bmi\BMI01\BlackrockData\PedA\20131023-094129\,20131023-094129-001.nev
R:\data_raw\human\rp3_bmi\BMI01\BlackrockData\PedA\20131025-092436\,20131025-092436-001.nev
R:\data_raw\human\rp3_bmi\BMI01\BlackrockData\PedA\20131108-100811\,20131108-100811-001.nev
R:\data_raw\human\rp3_bmi\BMI01\BlackrockData\PedA\20131115-100922\,20131115-100922-001.nev
R:\data_raw\human\rp3_bmi\BMI01\BlackrockData\PedA\20131119-100636\,20131119-100636-001.nev
R:\data_raw\human\rp3_bmi\BMI01\BlackrockData\PedA\20131120-093834\,20131120-093834-001.nev
R:\data_raw\human\rp3_bmi\BMI01\BlackrockData\PedA\20131122-102424\,20131122-102424-001.nev
R:\data_raw\human\rp3_bmi\BMI01\BlackrockData\PedA\20131203-100130\,20131203-100130-001.nev
R:\data_raw\human\rp3_bmi\BMI01\BlackrockData\PedA\20131204-093604\,20131204-093604-001.nev
R:\data_raw\human\rp3_bmi\BMI01\BlackrockData\PedA\20131210-110546\,20131210-110546-001.nev
R:\data_raw\human\rp3_bmi\BMI01\BlackrockData\PedA\20131210-112639\,20131210-112639-001.nev
R:\data_raw\human\rp3_bmi\BMI01\BlackrockData\PedA\20131217-094418\,20131217-094418-001.nev
R:\data_raw\human\rp3_bmi\BMI01\BlackrockData\PedA\20131218-095409\,20131218-095409-001.nev
R:\data_raw\human\rp3_bmi\BMI01\BlackrockData\PedA\20131220-093137\,20131220-093137-001.nev
R:\data_raw\human\rp3_bmi\BMI01\BlackrockData\PedA\20140103-111042\,20140103-111042-001.nev
R:\data_raw\human\rp3_bmi\BMI01\BlackrockData\PedA\20140108-104111\,20140108-104111-001.nev
R:\data_raw\human\rp3_bmi\BMI01\BlackrockData\PedA\20140110-102651\,20140110-102651-001.nev
R:\data_raw\human\rp3_bmi\BMI01\BlackrockData\PedA\20140114-102020\,20140114-102020-001.nev
R:\data_raw\human\rp3_bmi\BMI01\BlackrockData\PedA\20140115-093855\,20140115-093855-001.nev
R:\data_raw\human\rp3_bmi\BMI01\BlackrockData\PedA\20140117-093013\,20140117-093013-001.nev
R:\data_raw\human\rp3_bmi\BMI01\BlackrockData\PedA\20140122-103405\,20140122-103405-001.nev
R:\data_raw\human\rp3_bmi\BMI01\BlackrockData\PedA\20140124-095714\,20140124-095714-001.nev
R:\data_raw\human\rp3_bmi\BMI01\BlackrockData\PedA\20140129-094442\,20140129-094442-001.nev
R:\data_raw\human\rp3_bmi\BMI01\BlackrockData\PedA\20140131-095221\,20140131-095221-001.nev
R:\data_raw\human\rp3_bmi\BMI01\BlackrockData\PedA\20140211-095210\,20140211-095210-001.nev
R:\data_raw\human\rp3_bmi\BMI01\BlackrockData\PedA\20140219-112738\,20140219-112738-001.nev
R:\data_raw\human\rp3_bmi\BMI01\BlackrockData\PedA\20140221-094558\,20140221-094558-001.nev
R:\data_raw\human\rp3_bmi\BMI01\BlackrockData\PedA\20140225-100740\,20140225-100740-001.nev
R:\data_raw\human\rp3_bmi\BMI01\BlackrockData\PedA\20140226-094741\,20140226-094741-001.nev
R:\data_raw\human\rp3_bmi\BMI01\BlackrockData\PedA\20140228-093737\,20140228-093737-001.nev
R:\data_raw\human\rp3_bmi\BMI01\BlackrockData\PedA\20140304-101522\,20140304-101522-001.nev
R:\data_raw\human\rp3_bmi\BMI01\BlackrockData\PedA\20140307-085239\,20140307-085239-001.nev
R:\data_raw\human\rp3_bmi\BMI01\BlackrockData\PedA\20140311-094351\,20140311-094351-001.nev
R:\data_raw\human\rp3_bmi\BMI01\BlackrockData\PedA\20140312-095049\,20140312-095049-001.nev
R:\data_raw\human\rp3_bmi\BMI01\BlackrockData\PedA\20140314-092447\,20140314-092447-001.nev
R:\data_raw\human\rp3_bmi\BMI01\BlackrockData\PedA\20140318-094833\,20140318-094833-001.nev
R:\data_raw\human\rp3_bmi\BMI01\BlackrockData\PedA\20140321-093105\,20140321-093105-001.nev
R:\data_raw\human\rp3_bmi\BMI01\BlackrockData\PedA\20140324-094518\,20140324-094518-001.nev
R:\data_raw\human\rp3_bmi\BMI01\BlackrockData\PedA\20140326-093359\,20140326-093359-001.nev
R:\data_raw\human\rp3_bmi\BMI01\BlackrockData\PedA\20140401-101148\,20140401-101148-001.nev
R:\data_raw\human\rp3_bmi\BMI01\BlackrockData\PedA\20140402-094049\,20140402-094049-001.nev
R:\data_raw\human\rp3_bmi\BMI01\BlackrockData\PedA\20140415-094701\,20140415-094701-001.nev
R:\data_raw\human\rp3_bmi\BMI01\BlackrockData\PedA\20140416-094054\,20140416-094054-001.nev
R:\data_raw\human\rp3_bmi\BMI01\BlackrockData\PedA\20140418-093115\,20140418-093115-001.nev
R:\data_raw\human\rp3_bmi\BMI01\BlackrockData\PedA\20140421-100940\,20140421-100940-001.nev
R:\data_raw\human\rp3_bmi\BMI01\BlackrockData\PedA\20140423-101442\,20140423-101442-001.nev
R:\data_raw\human\rp3_bmi\BMI01\BlackrockData\PedA\20140425-093005\,20140425-093005-001.nev
R:\data_raw\human\rp3_bmi\BMI01\BlackrockData\PedA\20140429-095647\,20140429-095647-001.nev
R:\data_raw\human\rp3_bmi\BMI01\BlackrockData\PedA\20140430-092934\,20140430-092934-001.nev
R:\data_raw\human\rp3_bmi\BMI01\BlackrockData\PedA\20140502-093346\,20140502-093346-001.nev
R:\data_raw\human\rp3_bmi\BMI01\BlackrockData\PedA\20140506-095042\,20140506-095042-001.nev
R:\data_raw\human\rp3_bmi\BMI01\BlackrockData\PedA\20140514-101115\,20140514-101115-001.nev
R:\data_raw\human\rp3_bmi\BMI01\BlackrockData\PedA\20140516-093908\,20140516-093908-001.nev
R:\data_raw\human\rp3_bmi\BMI01\BlackrockData\PedA\20140520-113326\,20140520-113326-001.nev
R:\data_raw\human\rp3_bmi\BMI01\BlackrockData\PedA\20140521-095615\,20140521-095615-001.nev
R:\data_raw\human\rp3_bmi\BMI01\BlackrockData\PedA\20140523-101641\,20140523-101641-001.nev
R:\data_raw\human\rp3_bmi\BMI01\BlackrockData\PedA\20140527-100507\,20140527-100507-001.nev
R:\data_raw\human\rp3_bmi\BMI01\BlackrockData\PedA\20140530-095124\,20140530-095124-001.nev
R:\data_raw\human\rp3_bmi\BMI01\BlackrockData\PedA\20140603-094742\,20140603-094742-001.nev
R:\data_raw\human\rp3_bmi\BMI01\BlackrockData\PedA\20140606-095208\,20140606-095208-001.nev
R:\data_raw\human\rp3_bmi\BMI01\BlackrockData\PedA\20140610-094951\,20140610-094951-001.nev
R:\data_raw\human\rp3_bmi\BMI01\BlackrockData\PedA\20140611-094653\,20140611-094653-001.nev
R:\data_raw\human\rp3_bmi\BMI01\BlackrockData\PedA\20140617-094058\,20140617-094058-001.nev
R:\data_raw\human\rp3_bmi\BMI01\BlackrockData\PedA\20140618-100508\,20140618-100508-001.nev
R:\data_raw\human\rp3_bmi\BMI01\BlackrockData\PedA\20140624-094613\,20140624-094613-001.nev
R:\data_raw\human\rp3_bmi\BMI01\BlackrockData\PedA\20140625-093958\,20140625-093958-001.nev
R:\data_raw\human\rp3_bmi\BMI01\BlackrockData\PedA\20140627-093458\,20140627-093458-001.nev
R:\data_raw\human\rp3_bmi\BMI01\BlackrockData\PedA\20140701-094641\,20140701-094641-001.nev
R:\data_raw\human\rp3_bmi\BMI01\BlackrockData\PedA\20140702-094513\,20140702-094513-001.nev
R:\data_raw\human\rp3_bmi\BMI01\BlackrockData\PedA\20140708-095330\,20140708-095330-001.nev
R:\data_raw\human\rp3_bmi\BMI01\BlackrockData\PedA\20140709-093735\,20140709-093735-001.nev
R:\data_raw\human\rp3_bmi\BMI01\BlackrockData\PedA\20140711-093141\,20140711-093141-001.nev
R:\data_raw\human\rp3_bmi\BMI01\BlackrockData\PedA\20140715-100414\,20140715-100414-001.nev
R:\data_raw\human\rp3_bmi\BMI01\BlackrockData\PedA\20140716-093736\,20140716-093736-001.nev
R:\data_raw\human\rp3_bmi\BMI01\BlackrockData\PedA\20140723-093650\,20140723-093650-001.nev
R:\data_raw\human\rp3_bmi\BMI01\BlackrockData\PedA\20140725-093204\,20140725-093204-001.nev
R:\data_raw\human\rp3_bmi\BMI01\BlackrockData\PedA\20140729-094541\,20140729-094541-001.nev
R:\data_raw\human\rp3_bmi\BMI01\BlackrockData\PedA\20140730-092954\,20140730-092954-001.nev
R:\data_raw\human\rp3_bmi\BMI01\BlackrockData\PedA\20140805-093144\,20140805-093144-001.nev
R:\data_raw\human\rp3_bmi\BMI01\BlackrockData\PedA\20140806-104747\,20140806-104747-001.nev
R:\data_raw\human\rp3_bmi\BMI01\BlackrockData\PedA\20140808-094030\,20140808-094030-001.nev
R:\data_raw\human\rp3_bmi\BMI01\BlackrockData\PedA\20140812-093806\,20140812-093806-001.nev
R:\data_raw\human\rp3_bmi\BMI01\BlackrockData\PedA\20140813-093441\,20140813-093441-001.nev
R:\data_raw\human\rp3_bmi\BMI01\BlackrockData\PedA\20140819-094257\,20140819-094257-001.nev
R:\data_raw\human\rp3_bmi\BMI01\BlackrockData\PedA\20140820-100630\,20140820-100630-001.nev
R:\data_raw\human\rp3_bmi\BMI01\BlackrockData\PedA\20140822-092819\,20140822-092819-001.nev
R:\data_raw\human\rp3_bmi\BMI01\BlackrockData\PedA\20140826-094530\,20140826-094530-001.nev
R:\data_raw\human\rp3_bmi\BMI01\BlackrockData\PedA\20140902-095920\,20140902-095920-001.nev
R:\data_raw\human\rp3_bmi\BMI01\BlackrockData\PedA\20140903-093259\,20140903-093259-001.nev
R:\data_raw\human\rp3_bmi\BMI01\BlackrockData\PedA\20140905-093942\,20140905-093942-001.nev
R:\data_raw\human\rp3_bmi\BMI01\BlackrockData\PedA\20140910-093941\,20140910-093941-001.nev
R:\data_raw\human\rp3_bmi\BMI01\BlackrockData\PedA\20140912-095603\,20140912-095603-001.nev
R:\data_raw\human\rp3_bmi\BMI01\BlackrockData\PedA\20140916-095321\,20140916-095321-001.nev
R:\data_raw\human\rp3_bmi\BMI01\BlackrockData\PedA\20140917-094539\,20140917-094539-001.nev
R:\data_raw\human\rp3_bmi\BMI01\BlackrockData\PedA\20140924-100350\,20140924-100350-001.nev
R:\data_raw\human\rp3_bmi\BMI01\BlackrockData\PedA\20140926-094224\,20140926-094224-001.nev
R:\data_raw\human\rp3_bmi\BMI01\BlackrockData\PedA\20140930-094843\,20140930-094843-001.nev
R:\data_raw\human\rp3_bmi\BMI01\BlackrockData\PedA\20141003-093710\,20141003-093710-001.nev
R:\data_raw\human\rp3_bmi\BMI01\BlackrockData\PedA\20141007-101249\,20141007-101249-001.nev
R:\data_raw\human\rp3_bmi\BMI01\BlackrockData\PedA\20141010-101730\,20141010-101730-001.nev
R:\data_raw\human\rp3_bmi\BMI01\BlackrockData\PedA\20141014-100234\,20141014-100234-001.nev
R:\data_raw\human\rp3_bmi\BMI01\BlackrockData\PedA\20141017-094907\,20141017-094907-001.nev
R:\data_raw\human\rp3_bmi\BMI01\BlackrockData\PedA\20141022-104246\,20141022-104246-001.nev
