R:\data_raw\human\crs_array\CRS02b\BlackrockData\BaselineP\20150511-124639\,20150511-124639-001.nev
R:\data_raw\human\crs_array\CRS02b\BlackrockData\BaselineP\20150512-120642\,20150512-120642-001.nev
R:\data_raw\human\crs_array\CRS02b\BlackrockData\BaselineP\20150514-115250\,20150514-115250-001.nev
R:\data_raw\human\crs_array\CRS02b\BlackrockData\BaselineP\20150518-114824\,20150518-114824-001.nev
R:\data_raw\human\crs_array\CRS02b\BlackrockData\BaselineP\20150519-114050\,20150519-114050-001.nev
R:\data_raw\human\crs_array\CRS02b\BlackrockData\BaselineP\20150521-115624\,20150521-115624-001.nev
R:\data_raw\human\crs_array\CRS02b\BlackrockData\BaselineP\20150526-114938\,20150526-114938-001.nev
R:\data_raw\human\crs_array\CRS02b\BlackrockData\BaselineP\20150528-115900\,20150528-115900-001.nev
R:\data_raw\human\crs_array\CRS02b\BlackrockData\BaselineP\20150529-114232\,20150529-114232-001.nev
R:\data_raw\human\crs_array\CRS02b\BlackrockData\BaselineP\20150601-115142\,20150601-115142-001.nev
R:\data_raw\human\crs_array\CRS02b\BlackrockData\BaselineP\20150602-115852\,20150602-115852-001.nev
R:\data_raw\human\crs_array\CRS02b\BlackrockData\BaselineP\20150604-114759\,20150604-114759-001.nev
R:\data_raw\human\crs_array\CRS02b\BlackrockData\BaselineP\20150608-114456\,20150608-114456-001.nev
R:\data_raw\human\crs_array\CRS02b\BlackrockData\BaselineP\20150609-113936\,20150609-113936-001.nev
R:\data_raw\human\crs_array\CRS02b\BlackrockData\BaselineP\20150611-115044\,20150611-115044-001.nev
R:\data_raw\human\crs_array\CRS02b\BlackrockData\BaselineP\20150618-115534\,20150618-115534-001.nev
R:\data_raw\human\crs_array\CRS02b\BlackrockData\BaselineP\20150622-114030\,20150622-114030-001.nev
R:\data_raw\human\crs_array\CRS02b\BlackrockData\BaselineP\20150623-114825\,20150623-114825-001.nev
R:\data_raw\human\crs_array\CRS02b\BlackrockData\BaselineP\20150625-114504\,20150625-114504-001.nev
R:\data_raw\human\crs_array\CRS02b\BlackrockData\BaselineP\20150629-115129\,20150629-115129-001.nev
R:\data_raw\human\crs_array\CRS02b\BlackrockData\BaselineP\20150630-120603\,20150630-120603-001.nev
R:\data_raw\human\crs_array\CRS02b\BlackrockData\BaselineP\20150702-115246\,20150702-115246-001.nev
R:\data_raw\human\crs_array\CRS02b\BlackrockData\BaselineP\20150706-115755\,20150706-115755-001.nev
R:\data_raw\human\crs_array\CRS02b\BlackrockData\BaselineP\20150707-114323\,20150707-114323-001.nev
R:\data_raw\human\crs_array\CRS02b\BlackrockData\BaselineP\20150710-115303\,20150710-115303-001.nev
R:\data_raw\human\crs_array\CRS02b\BlackrockData\BaselineP\20150713-114908\,20150713-114908-001.nev
R:\data_raw\human\crs_array\CRS02b\BlackrockData\BaselineP\20150714-114104\,20150714-114104-001.nev
R:\data_raw\human\crs_array\CRS02b\BlackrockData\BaselineP\20150716-114614\,20150716-114614-001.nev
R:\data_raw\human\crs_array\CRS02b\BlackrockData\BaselineP\20150720-114625\,20150720-114625-001.nev
R:\data_raw\human\crs_array\CRS02b\BlackrockData\BaselineP\20150721-115712\,20150721-115712-001.nev
R:\data_raw\human\crs_array\CRS02b\BlackrockData\BaselineP\20150723-114655\,20150723-114655-001.nev
R:\data_raw\human\crs_array\CRS02b\BlackrockData\BaselineP\20150727-115257\,20150727-115257-001.nev
R:\data_raw\human\crs_array\CRS02b\BlackrockData\BaselineP\20150728-123423\,20150728-123423-001.nev
R:\data_raw\human\crs_array\CRS02b\BlackrockData\BaselineP\20150730-115028\,20150730-115028-001.nev
R:\data_raw\human\crs_array\CRS02b\BlackrockData\BaselineP\20150730-115326\,20150730-115326-001.nev
R:\data_raw\human\crs_array\CRS02b\BlackrockData\BaselineP\20150803-120632\,20150803-120632-001.nev
R:\data_raw\human\crs_array\CRS02b\BlackrockData\BaselineP\20150807-114554\,20150807-114554-001.nev
R:\data_raw\human\crs_array\CRS02b\BlackrockData\BaselineP\20150810-114952\,20150810-114952-001.nev
R:\data_raw\human\crs_array\CRS02b\BlackrockData\BaselineP\20150811-114441\,20150811-114441-001.nev
R:\data_raw\human\crs_array\CRS02b\BlackrockData\BaselineP\20150813-104041\,20150813-104041-001.nev
R:\data_raw\human\crs_array\CRS02b\BlackrockData\BaselineP\20150817-115436\,20150817-115436-001.nev
R:\data_raw\human\crs_array\CRS02b\BlackrockData\BaselineP\20150818-114805\,20150818-114805-001.nev
R:\data_raw\human\crs_array\CRS02b\BlackrockData\BaselineP\20150820-115155\,20150820-115155-001.nev
R:\data_raw\human\crs_array\CRS02b\BlackrockData\BaselineP\20150824-120326\,20150824-120326-001.nev
R:\data_raw\human\crs_array\CRS02b\BlackrockData\BaselineP\20150825-115407\,20150825-115407-001.nev
R:\data_raw\human\crs_array\CRS02b\BlackrockData\BaselineP\20150825-115713\,20150825-115713-001.nev
R:\data_raw\human\crs_array\CRS02b\BlackrockData\BaselineP\20150825-115821\,20150825-115821-001.nev
R:\data_raw\human\crs_array\CRS02b\BlackrockData\BaselineP\20150825-115946\,20150825-115946-001.nev
R:\data_raw\human\crs_array\CRS02b\BlackrockData\BaselineP\20150825-120058\,20150825-120058-001.nev
R:\data_raw\human\crs_array\CRS02b\BlackrockData\BaselineP\20150825-120451\,20150825-120451-001.nev
R:\data_raw\human\crs_array\CRS02b\BlackrockData\BaselineP\20150827-120304\,20150827-120304-001.nev
R:\data_raw\human\crs_array\CRS02b\BlackrockData\BaselineP\20150831-121232\,20150831-121232-001.nev
R:\data_raw\human\crs_array\CRS02b\BlackrockData\BaselineP\20150908-105114\,20150908-105114-001.nev
R:\data_raw\human\crs_array\CRS02b\BlackrockData\BaselineP\20150908-105313\,20150908-105313-001.nev
R:\data_raw\human\crs_array\CRS02b\BlackrockData\BaselineP\20150909-164801\,20150909-164801-001.nev
R:\data_raw\human\crs_array\CRS02b\BlackrockData\BaselineP\20150914-114342\,20150914-114342-001.nev
R:\data_raw\human\crs_array\CRS02b\BlackrockData\BaselineP\20150921-115504\,20150921-115504-001.nev
R:\data_raw\human\crs_array\CRS02b\BlackrockData\BaselineP\20150928-115900\,20150928-115900-001.nev
R:\data_raw\human\crs_array\CRS02b\BlackrockData\BaselineP\20151001-120918\,20151001-120918-001.nev
R:\data_raw\human\crs_array\CRS02b\BlackrockData\BaselineP\20151005-115818\,20151005-115818-001.nev
R:\data_raw\human\crs_array\CRS02b\BlackrockData\BaselineP\20151008-115648\,20151008-115648-001.nev
R:\data_raw\human\crs_array\CRS02b\BlackrockData\BaselineP\20151012-120825\,20151012-120825-001.nev
R:\data_raw\human\crs_array\CRS02b\BlackrockData\BaselineP\20151014-103549\,20151014-103549-001.nev
R:\data_raw\human\crs_array\CRS02b\BlackrockData\BaselineP\20151015-120311\,20151015-120311-001.nev
R:\data_raw\human\crs_array\CRS02b\BlackrockData\BaselineP\20151022-120956\,20151022-120956-001.nev
R:\data_raw\human\crs_array\CRS02b\BlackrockData\BaselineP\20151026-120332\,20151026-120332-001.nev
R:\data_raw\human\crs_array\CRS02b\BlackrockData\BaselineP\20151102-115000\,20151102-115000-001.nev
R:\data_raw\human\crs_array\CRS02b\BlackrockData\BaselineP\20151105-120322\,20151105-120322-001.nev
R:\data_raw\human\crs_array\CRS02b\BlackrockData\BaselineP\20151109-114946\,20151109-114946-001.nev
R:\data_raw\human\crs_array\CRS02b\BlackrockData\BaselineP\20151112-120451\,20151112-120451-001.nev
R:\data_raw\human\crs_array\CRS02b\BlackrockData\BaselineP\20151113-110343\,20151113-110343-001.nev
R:\data_raw\human\crs_array\CRS02b\BlackrockData\BaselineP\20151116-115248\,20151116-115248-001.nev
R:\data_raw\human\crs_array\CRS02b\BlackrockData\BaselineP\20151119-120026\,20151119-120026-001.nev
R:\data_raw\human\crs_array\CRS02b\BlackrockData\BaselineP\20151123-121909\,20151123-121909-001.nev
R:\data_raw\human\crs_array\CRS02b\BlackrockData\BaselineP\20151124-120532\,20151124-120532-001.nev
R:\data_raw\human\crs_array\CRS02b\BlackrockData\BaselineP\20151130-121636\,20151130-121636-001.nev
R:\data_raw\human\crs_array\CRS02b\BlackrockData\BaselineP\20151203-115823\,20151203-115823-001.nev
R:\data_raw\human\crs_array\CRS02b\BlackrockData\BaselineP\20151207-120324\,20151207-120324-001.nev
R:\data_raw\human\crs_array\CRS02b\BlackrockData\BaselineP\20151210-120237\,20151210-120237-001.nev
R:\data_raw\human\crs_array\CRS02b\BlackrockData\BaselineP\20151214-115739\,20151214-115739-001.nev
R:\data_raw\human\crs_array\CRS02b\BlackrockData\BaselineP\20151217-121202\,20151217-121202-001.nev
R:\data_raw\human\crs_array\CRS02b\BlackrockData\BaselineP\20151221-114842\,20151221-114842-001.nev
R:\data_raw\human\crs_array\CRS02b\BlackrockData\BaselineP\20160104-120610\,20160104-120610-001.nev
R:\data_raw\human\crs_array\CRS02b\BlackrockData\BaselineP\20160107-115935\,20160107-115935-001.nev
R:\data_raw\human\crs_array\CRS02b\BlackrockData\BaselineP\20160111-115025\,20160111-115025-001.nev
R:\data_raw\human\crs_array\CRS02b\BlackrockData\BaselineP\20160112-115419\,20160112-115419-001.nev
R:\data_raw\human\crs_array\CRS02b\BlackrockData\BaselineP\20160114-114629\,20160114-114629-001.nev
R:\data_raw\human\crs_array\CRS02b\BlackrockData\BaselineP\20160118-115434\,20160118-115434-001.nev
R:\data_raw\human\crs_array\CRS02b\BlackrockData\BaselineP\20160119-120022\,20160119-120022-001.nev
R:\data_raw\human\crs_array\CRS02b\BlackrockData\BaselineP\20160121-120641\,20160121-120641-001.nev
R:\data_raw\human\crs_array\CRS02b\BlackrockData\BaselineP\20160126-115635\,20160126-115635-001.nev
R:\data_raw\human\crs_array\CRS02b\BlackrockData\BaselineP\20160128-114343\,20160128-114343-001.nev
R:\data_raw\human\crs_array\CRS02b\BlackrockData\BaselineP\20160201-115207\,20160201-115207-001.nev
R:\data_raw\human\crs_array\CRS02b\BlackrockData\BaselineP\20160202-120217\,20160202-120217-001.nev
R:\data_raw\human\crs_array\CRS02b\BlackrockData\BaselineP\20160204-115538\,20160204-115538-001.nev
R:\data_raw\human\crs_array\CRS02b\BlackrockData\BaselineP\20160208-113809\,20160208-113809-001.nev
R:\data_raw\human\crs_array\CRS02b\BlackrockData\BaselineP\20160209-120752\,20160209-120752-001.nev
R:\data_raw\human\crs_array\CRS02b\BlackrockData\BaselineP\20160211-115720\,20160211-115720-001.nev
R:\data_raw\human\crs_array\CRS02b\BlackrockData\BaselineP\20160215-120106\,20160215-120106-001.nev
R:\data_raw\human\crs_array\CRS02b\BlackrockData\BaselineP\20160216-115022\,20160216-115022-001.nev
R:\data_raw\human\crs_array\CRS02b\BlackrockData\BaselineP\20160218-114143\,20160218-114143-001.nev
R:\data_raw\human\crs_array\CRS02b\BlackrockData\BaselineP\20160222-115740\,20160222-115740-001.nev
R:\data_raw\human\crs_array\CRS02b\BlackrockData\BaselineP\20160223-113823\,20160223-113823-001.nev
R:\data_raw\human\crs_array\CRS02b\BlackrockData\BaselineP\20160225-114704\,20160225-114704-001.nev
R:\data_raw\human\crs_array\CRS02b\BlackrockData\BaselineP\20160229-120111\,20160229-120111-001.nev
R:\data_raw\human\crs_array\CRS02b\BlackrockData\BaselineP\20160301-114314\,20160301-114314-001.nev
R:\data_raw\human\crs_array\CRS02b\BlackrockData\BaselineP\20160303-113758\,20160303-113758-001.nev
R:\data_raw\human\crs_array\CRS02b\BlackrockData\BaselineP\20160307-114858\,20160307-114858-001.nev
R:\data_raw\human\crs_array\CRS02b\BlackrockData\BaselineP\20160308-114627\,20160308-114627-001.nev
R:\data_raw\human\crs_array\CRS02b\BlackrockData\BaselineP\20160310-115235\,20160310-115235-001.nev
R:\data_raw\human\crs_array\CRS02b\BlackrockData\BaselineP\20160314-120342\,20160314-120342-001.nev
R:\data_raw\human\crs_array\CRS02b\BlackrockData\BaselineP\20160317-115659\,20160317-115659-001.nev
R:\data_raw\human\crs_array\CRS02b\BlackrockData\BaselineP\20160321-115258\,20160321-115258-001.nev
R:\data_raw\human\crs_array\CRS02b\BlackrockData\BaselineP\20160322-114348\,20160322-114348-001.nev
R:\data_raw\human\crs_array\CRS02b\BlackrockData\BaselineP\20160324-114555\,20160324-114555-001.nev
R:\data_raw\human\crs_array\CRS02b\BlackrockData\BaselineP\20160328-115100\,20160328-115100-001.nev
R:\data_raw\human\crs_array\CRS02b\BlackrockData\BaselineP\20160329-114556\,20160329-114556-001.nev
R:\data_raw\human\crs_array\CRS02b\BlackrockData\BaselineP\20160331-120746\,20160331-120746-001.nev
R:\data_raw\human\crs_array\CRS02b\BlackrockData\BaselineP\20160404-140633\,20160404-140633-001.nev
R:\data_raw\human\crs_array\CRS02b\BlackrockData\BaselineP\20160405-115403\,20160405-115403-001.nev
R:\data_raw\human\crs_array\CRS02b\BlackrockData\BaselineP\20160406-120124\,20160406-120124-001.nev
R:\data_raw\human\crs_array\CRS02b\BlackrockData\BaselineP\20160412-115228\,20160412-115228-001.nev
R:\data_raw\human\crs_array\CRS02b\BlackrockData\BaselineP\20160414-114255\,20160414-114255-001.nev
R:\data_raw\human\crs_array\CRS02b\BlackrockData\BaselineP\20160502-122705\,20160502-122705-001.nev
R:\data_raw\human\crs_array\CRS02b\BlackrockData\BaselineP\20160505-120628\,20160505-120628-001.nev
R:\data_raw\human\crs_array\CRS02b\BlackrockData\BaselineP\20160510-111324\,20160510-111324-001.nev
R:\data_raw\human\crs_array\CRS02b\BlackrockData\BaselineP\20160510-112552\,20160510-112552-001.nev
R:\data_raw\human\crs_array\CRS02b\BlackrockData\BaselineP\20160510-114611\,20160510-114611-001.nev
R:\data_raw\human\crs_array\CRS02b\BlackrockData\BaselineP\20160512-112716\,20160512-112716-001.nev
R:\data_raw\human\crs_array\CRS02b\BlackrockData\BaselineP\20160512-115333\,20160512-115333-001.nev
R:\data_raw\human\crs_array\CRS02b\BlackrockData\BaselineP\20160516-122155\,20160516-122155-001.nev
R:\data_raw\human\crs_array\CRS02b\BlackrockData\BaselineP\20160519-114110\,20160519-114110-001.nev
R:\data_raw\human\crs_array\CRS02b\BlackrockData\BaselineP\20160523-111759\,20160523-111759-001.nev
R:\data_raw\human\crs_array\CRS02b\BlackrockData\BaselineP\20160524-113204\,20160524-113204-001.nev
R:\data_raw\human\crs_array\CRS02b\BlackrockData\BaselineP\20160601-120818\,20160601-120818-001.nev
R:\data_raw\human\crs_array\CRS02b\BlackrockData\BaselineP\20160606-115128\,20160606-115128-001.nev
R:\data_raw\human\crs_array\CRS02b\BlackrockData\BaselineP\20160607-112733\,20160607-112733-001.nev
R:\data_raw\human\crs_array\CRS02b\BlackrockData\BaselineP\20160613-113520\,20160613-113520-001.nev
R:\data_raw\human\crs_array\CRS02b\BlackrockData\BaselineP\20160616-112525\,20160616-112525-001.nev
R:\data_raw\human\crs_array\CRS02b\BlackrockData\BaselineP\20160620-112042\,20160620-112042-001.nev
R:\data_raw\human\crs_array\CRS02b\BlackrockData\BaselineP\20160623-115344\,20160623-115344-001.nev
R:\data_raw\human\crs_array\CRS02b\BlackrockData\BaselineP\20160627-113755\,20160627-113755-001.nev
R:\data_raw\human\crs_array\CRS02b\BlackrockData\BaselineP\20160701-112936\,20160701-112936-001.nev
R:\data_raw\human\crs_array\CRS02b\BlackrockData\BaselineP\20160705-114827\,20160705-114827-001.nev
R:\data_raw\human\crs_array\CRS02b\BlackrockData\BaselineP\20160707-113333\,20160707-113333-001.nev
R:\data_raw\human\crs_array\CRS02b\BlackrockData\BaselineP\20160711-112503\,20160711-112503-001.nev
R:\data_raw\human\crs_array\CRS02b\BlackrockData\BaselineP\20160714-114037\,20160714-114037-001.nev
R:\data_raw\human\crs_array\CRS02b\BlackrockData\BaselineP\20160718-112120\,20160718-112120-001.nev
R:\data_raw\human\crs_array\CRS02b\BlackrockData\BaselineP\20160721-114401\,20160721-114401-001.nev
R:\data_raw\human\crs_array\CRS02b\BlackrockData\BaselineP\20160725-115502\,20160725-115502-001.nev
R:\data_raw\human\crs_array\CRS02b\BlackrockData\BaselineP\20160728-112654\,20160728-112654-001.nev
R:\data_raw\human\crs_array\CRS02b\BlackrockData\BaselineP\20160801-113413\,20160801-113413-001.nev
R:\data_raw\human\crs_array\CRS02b\BlackrockData\BaselineP\20160804-111509\,20160804-111509-001.nev
R:\data_raw\human\crs_array\CRS02b\BlackrockData\BaselineP\20160809-113003\,20160809-113003-001.nev
R:\data_raw\human\crs_array\CRS02b\BlackrockData\BaselineP\20160811-113042\,20160811-113042-001.nev
R:\data_raw\human\crs_array\CRS02b\BlackrockData\BaselineP\20160815-111358\,20160815-111358-001.nev
R:\data_raw\human\crs_array\CRS02b\BlackrockData\BaselineP\20160824-112602\,20160824-112602-001.nev
R:\data_raw\human\crs_array\CRS02b\BlackrockData\BaselineP\20160830-115056\,20160830-115056-001.nev
R:\data_raw\human\crs_array\CRS02b\BlackrockData\BaselineP\20160901-113650\,20160901-113650-001.nev
R:\data_raw\human\crs_array\CRS02b\BlackrockData\BaselineP\20160906-114838\,20160906-114838-001.nev
R:\data_raw\human\crs_array\CRS02b\BlackrockData\BaselineP\20160908-133107\,20160908-133107-001.nev
R:\data_raw\human\crs_array\CRS02b\BlackrockData\BaselineP\20160913-123520\,20160913-123520-001.nev
R:\data_raw\human\crs_array\CRS02b\BlackrockData\BaselineP\20160915-114457\,20160915-114457-001.nev
R:\data_raw\human\crs_array\CRS02b\BlackrockData\BaselineP\20160916-115911\,20160916-115911-001.nev
R:\data_raw\human\crs_array\CRS02b\BlackrockData\BaselineP\20160920-115525\,20160920-115525-001.nev
R:\data_raw\human\crs_array\CRS02b\BlackrockData\BaselineP\20160922-114442\,20160922-114442-001.nev
R:\data_raw\human\crs_array\CRS02b\BlackrockData\BaselineP\20160927-113742\,20160927-113742-001.nev
R:\data_raw\human\crs_array\CRS02b\BlackrockData\BaselineP\20160928-112906\,20160928-112906-001.nev
R:\data_raw\human\crs_array\CRS02b\BlackrockData\BaselineP\20161003-113309\,20161003-113309-001.nev
R:\data_raw\human\crs_array\CRS02b\BlackrockData\BaselineP\20161006-121138\,20161006-121138-001.nev
R:\data_raw\human\crs_array\CRS02b\BlackrockData\BaselineP\20161017-115915\,20161017-115915-001.nev
R:\data_raw\human\crs_array\CRS02b\BlackrockData\BaselineP\20161020-110717\,20161020-110717-001.nev
R:\data_raw\human\crs_array\CRS02b\BlackrockData\BaselineP\20161024-115346\,20161024-115346-001.nev
R:\data_raw\human\crs_array\CRS02b\BlackrockData\BaselineP\20161027-115430\,20161027-115430-001.nev
R:\data_raw\human\crs_array\CRS02b\BlackrockData\BaselineP\20161031-114445\,20161031-114445-001.nev
R:\data_raw\human\crs_array\CRS02b\BlackrockData\BaselineP\20161101-111628\,20161101-111628-001.nev
R:\data_raw\human\crs_array\CRS02b\BlackrockData\BaselineP\20161107-112044\,20161107-112044-001.nev
R:\data_raw\human\crs_array\CRS02b\BlackrockData\BaselineP\20161108-111910\,20161108-111910-001.nev
R:\data_raw\human\crs_array\CRS02b\BlackrockData\BaselineP\20161110-122305\,20161110-122305-001.nev
R:\data_raw\human\crs_array\CRS02b\BlackrockData\BaselineP\20161117-122618\,20161117-122618-001.nev
R:\data_raw\human\crs_array\CRS02b\BlackrockData\BaselineP\20161121-113911\,20161121-113911-001.nev
R:\data_raw\human\crs_array\CRS02b\BlackrockData\BaselineP\20161122-121731\,20161122-121731-001.nev
R:\data_raw\human\crs_array\CRS02b\BlackrockData\BaselineP\20161123-112024\,20161123-112024-001.nev
R:\data_raw\human\crs_array\CRS02b\BlackrockData\BaselineP\20161129-112145\,20161129-112145-001.nev
R:\data_raw\human\crs_array\CRS02b\BlackrockData\BaselineP\20161130-112301\,20161130-112301-001.nev
R:\data_raw\human\crs_array\CRS02b\BlackrockData\BaselineP\20161201-120650\,20161201-120650-001.nev
R:\data_raw\human\crs_array\CRS02b\BlackrockData\BaselineP\20161205-112817\,20161205-112817-001.nev
R:\data_raw\human\crs_array\CRS02b\BlackrockData\BaselineP\20161206-114507\,20161206-114507-001.nev
R:\data_raw\human\crs_array\CRS02b\BlackrockData\BaselineP\20161208-133046\,20161208-133046-001.nev
R:\data_raw\human\crs_array\CRS02b\BlackrockData\BaselineP\20161212-120430\,20161212-120430-001.nev
R:\data_raw\human\crs_array\CRS02b\BlackrockData\BaselineP\20161215-123229\,20161215-123229-001.nev
R:\data_raw\human\crs_array\CRS02b\BlackrockData\BaselineP\20161220-121012\,20161220-121012-001.nev
R:\data_raw\human\crs_array\CRS02b\BlackrockData\BaselineP\20161221-120203\,20161221-120203-001.nev
R:\data_raw\human\crs_array\CRS02b\BlackrockData\BaselineP\20161227-115150\,20161227-115150-001.nev
R:\data_raw\human\crs_array\CRS02b\BlackrockData\BaselineP\20170103-114131\,20170103-114131-001.nev
R:\data_raw\human\crs_array\CRS02b\BlackrockData\BaselineP\20170105-120948\,20170105-120948-001.nev
R:\data_raw\human\crs_array\CRS02b\BlackrockData\BaselineP\20170109-113932\,20170109-113932-001.nev
R:\data_raw\human\crs_array\CRS02b\BlackrockData\BaselineP\20170110-112627\,20170110-112627-001.nev
R:\data_raw\human\crs_array\CRS02b\BlackrockData\BaselineP\20170112-115603\,20170112-115603-001.nev
R:\data_raw\human\crs_array\CRS02b\BlackrockData\BaselineP\20170116-120403\,20170116-120403-001.nev
R:\data_raw\human\crs_array\CRS02b\BlackrockData\BaselineP\20170119-114259\,20170119-114259-001.nev
R:\data_raw\human\crs_array\CRS02b\BlackrockData\BaselineP\20170123-112205\,20170123-112205-001.nev
R:\data_raw\human\crs_array\CRS02b\BlackrockData\BaselineP\20170126-115518\,20170126-115518-001.nev
R:\data_raw\human\crs_array\CRS02b\BlackrockData\BaselineP\20170130-120741\,20170130-120741-001.nev
R:\data_raw\human\crs_array\CRS02b\BlackrockData\BaselineP\20170131-113603\,20170131-113603-001.nev
R:\data_raw\human\crs_array\CRS02b\BlackrockData\BaselineP\20170202-120634\,20170202-120634-001.nev
R:\data_raw\human\crs_array\CRS02b\BlackrockData\BaselineP\20170206-114841\,20170206-114841-001.nev
R:\data_raw\human\crs_array\CRS02b\BlackrockData\BaselineP\20170207-120916\,20170207-120916-001.nev
R:\data_raw\human\crs_array\CRS02b\BlackrockData\BaselineP\20170209-120503\,20170209-120503-001.nev
R:\data_raw\human\crs_array\CRS02b\BlackrockData\BaselineP\20170214-115229\,20170214-115229-001.nev
R:\data_raw\human\crs_array\CRS02b\BlackrockData\BaselineP\20170216-115304\,20170216-115304-001.nev
R:\data_raw\human\crs_array\CRS02b\BlackrockData\BaselineP\20170220-115034\,20170220-115034-001.nev
R:\data_raw\human\crs_array\CRS02b\BlackrockData\BaselineP\20170221-115152\,20170221-115152-001.nev
R:\data_raw\human\crs_array\CRS02b\BlackrockData\BaselineP\20170223-120053\,20170223-120053-001.nev
R:\data_raw\human\crs_array\CRS02b\BlackrockData\BaselineP\20170227-114252\,20170227-114252-001.nev
R:\data_raw\human\crs_array\CRS02b\BlackrockData\BaselineP\20170228-113935\,20170228-113935-001.nev
R:\data_raw\human\crs_array\CRS02b\BlackrockData\BaselineP\20170302-111848\,20170302-111848-001.nev
R:\data_raw\human\crs_array\CRS02b\BlackrockData\BaselineP\20170306-120059\,20170306-120059-001.nev
R:\data_raw\human\crs_array\CRS02b\BlackrockData\BaselineP\20170307-115127\,20170307-115127-001.nev
R:\data_raw\human\crs_array\CRS02b\BlackrockData\BaselineP\20170309-120106\,20170309-120106-001.nev
R:\data_raw\human\crs_array\CRS02b\BlackrockData\BaselineP\20170313-112532\,20170313-112532-001.nev
R:\data_raw\human\crs_array\CRS02b\BlackrockData\BaselineP\20170314-123154\,20170314-123154-001.nev
R:\data_raw\human\crs_array\CRS02b\BlackrockData\BaselineP\20170316-114933\,20170316-114933-001.nev
R:\data_raw\human\crs_array\CRS02b\BlackrockData\BaselineP\20170320-115742\,20170320-115742-001.nev
R:\data_raw\human\crs_array\CRS02b\BlackrockData\BaselineP\20170321-113823\,20170321-113823-001.nev
R:\data_raw\human\crs_array\CRS02b\BlackrockData\BaselineP\20170323-120102\,20170323-120102-001.nev
R:\data_raw\human\crs_array\CRS02b\BlackrockData\BaselineP\20170327-112706\,20170327-112706-001.nev
R:\data_raw\human\crs_array\CRS02b\BlackrockData\BaselineP\20170328-114039\,20170328-114039-001.nev
R:\data_raw\human\crs_array\CRS02b\BlackrockData\BaselineP\20170330-115942\,20170330-115942-001.nev
R:\data_raw\human\crs_array\CRS02b\BlackrockData\BaselineP\20170403-115947\,20170403-115947-001.nev
R:\data_raw\human\crs_array\CRS02b\BlackrockData\BaselineP\20170404-120108\,20170404-120108-001.nev
R:\data_raw\human\crs_array\CRS02b\BlackrockData\BaselineP\20170411-120444\,20170411-120444-001.nev
R:\data_raw\human\crs_array\CRS02b\BlackrockData\BaselineP\20170413-120939\,20170413-120939-001.nev
R:\data_raw\human\crs_array\CRS02b\BlackrockData\BaselineP\20170417-115027\,20170417-115027-001.nev
R:\data_raw\human\crs_array\CRS02b\BlackrockData\BaselineP\20170418-120036\,20170418-120036-001.nev
R:\data_raw\human\crs_array\CRS02b\BlackrockData\BaselineP\20170420-121413\,20170420-121413-001.nev
R:\data_raw\human\crs_array\CRS02b\BlackrockData\BaselineP\20170424-124508\,20170424-124508-001.nev
R:\data_raw\human\crs_array\CRS02b\BlackrockData\BaselineP\20170425-113405\,20170425-113405-001.nev
R:\data_raw\human\crs_array\CRS02b\BlackrockData\BaselineP\20170425-114339\,20170425-114339-001.nev
R:\data_raw\human\crs_array\CRS02b\BlackrockData\BaselineP\20170427-120757\,20170427-120757-001.nev
R:\data_raw\human\crs_array\CRS02b\BlackrockData\BaselineP\20170501-113955\,20170501-113955-001.nev
R:\data_raw\human\crs_array\CRS02b\BlackrockData\BaselineP\20170502-115916\,20170502-115916-001.nev
R:\data_raw\human\crs_array\CRS02b\BlackrockData\BaselineP\20170504-115733\,20170504-115733-001.nev
R:\data_raw\human\crs_array\CRS02b\BlackrockData\BaselineP\20170508-112843\,20170508-112843-001.nev
R:\data_raw\human\crs_array\CRS02b\BlackrockData\BaselineP\20170509-120123\,20170509-120123-001.nev
R:\data_raw\human\crs_array\CRS02b\BlackrockData\BaselineP\20170511-121818\,20170511-121818-001.nev
R:\data_raw\human\crs_array\CRS02b\BlackrockData\BaselineP\20170515-114703\,20170515-114703-001.nev
R:\data_raw\human\crs_array\CRS02b\BlackrockData\BaselineP\20170516-115459\,20170516-115459-001.nev
R:\data_raw\human\crs_array\CRS02b\BlackrockData\BaselineP\20170518-120945\,20170518-120945-001.nev
R:\data_raw\human\crs_array\CRS02b\BlackrockData\BaselineP\20170522-112817\,20170522-112817-001.nev
R:\data_raw\human\crs_array\CRS02b\BlackrockData\BaselineP\20170525-120649\,20170525-120649-001.nev
R:\data_raw\human\crs_array\CRS02b\BlackrockData\BaselineP\20170530-121231\,20170530-121231-001.nev
R:\data_raw\human\crs_array\CRS02b\BlackrockData\BaselineP\20170601-115707\,20170601-115707-001.nev
R:\data_raw\human\crs_array\CRS02b\BlackrockData\BaselineP\20170605-114355\,20170605-114355-001.nev
R:\data_raw\human\crs_array\CRS02b\BlackrockData\BaselineP\20170606-125134\,20170606-125134-001.nev
R:\data_raw\human\crs_array\CRS02b\BlackrockData\BaselineP\20170608-115557\,20170608-115557-001.nev
R:\data_raw\human\crs_array\CRS02b\BlackrockData\BaselineP\20170612-115103\,20170612-115103-001.nev
R:\data_raw\human\crs_array\CRS02b\BlackrockData\BaselineP\20170613-120235\,20170613-120235-001.nev
R:\data_raw\human\crs_array\CRS02b\BlackrockData\BaselineP\20170615-121420\,20170615-121420-001.nev
R:\data_raw\human\crs_array\CRS02b\BlackrockData\BaselineP\20170619-120842\,20170619-120842-001.nev
R:\data_raw\human\crs_array\CRS02b\BlackrockData\BaselineP\20170620-122644\,20170620-122644-001.nev
R:\data_raw\human\crs_array\CRS02b\BlackrockData\BaselineP\20170622-115852\,20170622-115852-001.nev
R:\data_raw\human\crs_array\CRS02b\BlackrockData\BaselineP\20170626-120229\,20170626-120229-001.nev
R:\data_raw\human\crs_array\CRS02b\BlackrockData\BaselineP\20170627-120808\,20170627-120808-001.nev
R:\data_raw\human\crs_array\CRS02b\BlackrockData\BaselineP\20170630-115936\,20170630-115936-001.nev
R:\data_raw\human\crs_array\CRS02b\BlackrockData\BaselineP\20170703-120518\,20170703-120518-001.nev
R:\data_raw\human\crs_array\CRS02b\BlackrockData\BaselineP\20170714-123610\,20170714-123610-001.nev
R:\data_raw\human\crs_array\CRS02b\BlackrockData\BaselineP\20170717-123306\,20170717-123306-001.nev
R:\data_raw\human\crs_array\CRS02b\BlackrockData\BaselineP\20170718-120205\,20170718-120205-001.nev
R:\data_raw\human\crs_array\CRS02b\BlackrockData\BaselineP\20170720-122258\,20170720-122258-001.nev
R:\data_raw\human\crs_array\CRS02b\BlackrockData\BaselineP\20170720-122258\,20170720-122258-002.nev
R:\data_raw\human\crs_array\CRS02b\BlackrockData\BaselineP\20170720-122258\,20170720-122258-003.nev
R:\data_raw\human\crs_array\CRS02b\BlackrockData\BaselineP\20170724-123434\,20170724-123434-001.nev
R:\data_raw\human\crs_array\CRS02b\BlackrockData\BaselineP\20170725-113913\,20170725-113913-001.nev
R:\data_raw\human\crs_array\CRS02b\BlackrockData\BaselineP\20170727-121230\,20170727-121230-001.nev
R:\data_raw\human\crs_array\CRS02b\BlackrockData\BaselineP\20170731-121259\,20170731-121259-001.nev
R:\data_raw\human\crs_array\CRS02b\BlackrockData\BaselineP\20170801-115214\,20170801-115214-001.nev
R:\data_raw\human\crs_array\CRS02b\BlackrockData\BaselineP\20170803-122310\,20170803-122310-001.nev
R:\data_raw\human\crs_array\CRS02b\BlackrockData\BaselineP\20170807-120935\,20170807-120935-001.nev
R:\data_raw\human\crs_array\CRS02b\BlackrockData\BaselineP\20170808-121341\,20170808-121341-001.nev
R:\data_raw\human\crs_array\CRS02b\BlackrockData\BaselineP\20170810-121201\,20170810-121201-001.nev
R:\data_raw\human\crs_array\CRS02b\BlackrockData\BaselineP\20170814-121221\,20170814-121221-001.nev
R:\data_raw\human\crs_array\CRS02b\BlackrockData\BaselineP\20170815-131005\,20170815-131005-001.nev
R:\data_raw\human\crs_array\CRS02b\BlackrockData\BaselineP\20170817-130025\,20170817-130025-001.nev
R:\data_raw\human\crs_array\CRS02b\BlackrockData\BaselineP\20170821-114824\,20170821-114824-001.nev
R:\data_raw\human\crs_array\CRS02b\BlackrockData\BaselineP\20170823-125321\,20170823-125321-001.nev
R:\data_raw\human\crs_array\CRS02b\BlackrockData\BaselineP\20170825-121717\,20170825-121717-001.nev
R:\data_raw\human\crs_array\CRS02b\BlackrockData\BaselineP\20170828-115654\,20170828-115654-001.nev
R:\data_raw\human\crs_array\CRS02b\BlackrockData\BaselineP\20170830-115707\,20170830-115707-001.nev
R:\data_raw\human\crs_array\CRS02b\BlackrockData\BaselineP\20170831-105202\,20170831-105202-001.nev
R:\data_raw\human\crs_array\CRS02b\BlackrockData\BaselineP\20170905-112726\,20170905-112726-001.nev
R:\data_raw\human\crs_array\CRS02b\BlackrockData\BaselineP\20170907-105019\,20170907-105019-001.nev
R:\data_raw\human\crs_array\CRS02b\BlackrockData\BaselineP\20170911-115732\,20170911-115732-001.nev
R:\data_raw\human\crs_array\CRS02b\BlackrockData\BaselineP\20170912-114818\,20170912-114818-001.nev
R:\data_raw\human\crs_array\CRS02b\BlackrockData\BaselineP\20170914-132431\,20170914-132431-001.nev
R:\data_raw\human\crs_array\CRS02b\BlackrockData\BaselineP\20170918-122550\,20170918-122550-001.nev
R:\data_raw\human\crs_array\CRS02b\BlackrockData\BaselineP\20170919-115456\,20170919-115456-001.nev
R:\data_raw\human\crs_array\CRS02b\BlackrockData\BaselineP\20170921-123942\,20170921-123942-001.nev
R:\data_raw\human\crs_array\CRS02b\BlackrockData\BaselineP\20170925-121331\,20170925-121331-001.nev
R:\data_raw\human\crs_array\CRS02b\BlackrockData\BaselineP\20170926-122733\,20170926-122733-001.nev
R:\data_raw\human\crs_array\CRS02b\BlackrockData\BaselineP\20170928-132135\,20170928-132135-001.nev
R:\data_raw\human\crs_array\CRS02b\BlackrockData\BaselineP\20171002-124553\,20171002-124553-001.nev
R:\data_raw\human\crs_array\CRS02b\BlackrockData\BaselineP\20171003-114828\,20171003-114828-001.nev
R:\data_raw\human\crs_array\CRS02b\BlackrockData\BaselineP\20171005-124935\,20171005-124935-001.nev
R:\data_raw\human\crs_array\CRS02b\BlackrockData\BaselineP\20171009-114122\,20171009-114122-001.nev
R:\data_raw\human\crs_array\CRS02b\BlackrockData\BaselineP\20171010-120022\,20171010-120022-001.nev
R:\data_raw\human\crs_array\CRS02b\BlackrockData\BaselineP\20171012-120115\,20171012-120115-001.nev
R:\data_raw\human\crs_array\CRS02b\BlackrockData\BaselineP\20171016-115059\,20171016-115059-001.nev
R:\data_raw\human\crs_array\CRS02b\BlackrockData\BaselineP\20171017-114828\,20171017-114828-001.nev
R:\data_raw\human\crs_array\CRS02b\BlackrockData\BaselineP\20171019-115430\,20171019-115430-001.nev
R:\data_raw\human\crs_array\CRS02b\BlackrockData\BaselineP\20171023-121237\,20171023-121237-001.nev
R:\data_raw\human\crs_array\CRS02b\BlackrockData\BaselineP\20171024-115637\,20171024-115637-001.nev
R:\data_raw\human\crs_array\CRS02b\BlackrockData\BaselineP\20171026-122205\,20171026-122205-001.nev
R:\data_raw\human\crs_array\CRS02b\BlackrockData\BaselineP\20171030-115449\,20171030-115449-001.nev
R:\data_raw\human\crs_array\CRS02b\BlackrockData\BaselineP\20171031-110907\,20171031-110907-001.nev
R:\data_raw\human\crs_array\CRS02b\BlackrockData\BaselineP\20171102-121037\,20171102-121037-001.nev
R:\data_raw\human\crs_array\CRS02b\BlackrockData\BaselineP\20171106-122323\,20171106-122323-001.nev
R:\data_raw\human\crs_array\CRS02b\BlackrockData\BaselineP\20171107-120744\,20171107-120744-001.nev
R:\data_raw\human\crs_array\CRS02b\BlackrockData\BaselineP\20171109-123248\,20171109-123248-001.nev
R:\data_raw\human\crs_array\CRS02b\BlackrockData\BaselineP\20171113-122112\,20171113-122112-001.nev
R:\data_raw\human\crs_array\CRS02b\BlackrockData\BaselineP\20171114-120426\,20171114-120426-001.nev
R:\data_raw\human\crs_array\CRS02b\BlackrockData\BaselineP\20171116-115620\,20171116-115620-001.nev
R:\data_raw\human\crs_array\CRS02b\BlackrockData\BaselineP\20171120-123311\,20171120-123311-001.nev
R:\data_raw\human\crs_array\CRS02b\BlackrockData\BaselineP\20171127-120055\,20171127-120055-001.nev
R:\data_raw\human\crs_array\CRS02b\BlackrockData\BaselineP\20171128-120120\,20171128-120120-001.nev
R:\data_raw\human\crs_array\CRS02b\BlackrockData\BaselineP\20171130-115712\,20171130-115712-001.nev
R:\data_raw\human\crs_array\CRS02b\BlackrockData\BaselineP\20171204-115709\,20171204-115709-001.nev
R:\data_raw\human\crs_array\CRS02b\BlackrockData\BaselineP\20171207-115954\,20171207-115954-001.nev
R:\data_raw\human\crs_array\CRS02b\BlackrockData\BaselineP\20171211-113404\,20171211-113404-001.nev
R:\data_raw\human\crs_array\CRS02b\BlackrockData\BaselineP\20171212-115650\,20171212-115650-001.nev
R:\data_raw\human\crs_array\CRS02b\BlackrockData\BaselineP\20171215-121051\,20171215-121051-001.nev
R:\data_raw\human\crs_array\CRS02b\BlackrockData\BaselineP\20171218-121614\,20171218-121614-001.nev
R:\data_raw\human\crs_array\CRS02b\BlackrockData\BaselineP\20171219-115028\,20171219-115028-001.nev
R:\data_raw\human\crs_array\CRS02b\BlackrockData\BaselineP\20171221-115620\,20171221-115620-001.nev
R:\data_raw\human\crs_array\CRS02b\BlackrockData\BaselineP\20171229-122056\,20171229-122056-001.nev
R:\data_raw\human\crs_array\CRS02b\BlackrockData\BaselineP\20180102-120111\,20180102-120111-001.nev
R:\data_raw\human\crs_array\CRS02b\BlackrockData\BaselineP\20180104-120352\,20180104-120352-001.nev
R:\data_raw\human\crs_array\CRS02b\BlackrockData\BaselineP\20180108-121208\,20180108-121208-001.nev
R:\data_raw\human\crs_array\CRS02b\BlackrockData\BaselineP\20180109-115843\,20180109-115843-001.nev
R:\data_raw\human\crs_array\CRS02b\BlackrockData\BaselineP\20180111-114544\,20180111-114544-001.nev
R:\data_raw\human\crs_array\CRS02b\BlackrockData\BaselineP\20180116-114918\,20180116-114918-001.nev
R:\data_raw\human\crs_array\CRS02b\BlackrockData\BaselineP\20180118-115204\,20180118-115204-001.nev
R:\data_raw\human\crs_array\CRS02b\BlackrockData\BaselineP\20180123-114942\,20180123-114942-001.nev
R:\data_raw\human\crs_array\CRS02b\BlackrockData\BaselineP\20180124-115750\,20180124-115750-001.nev
R:\data_raw\human\crs_array\CRS02b\BlackrockData\BaselineP\20180125-115154\,20180125-115154-001.nev
R:\data_raw\human\crs_array\CRS02b\BlackrockData\BaselineP\20180130-120237\,20180130-120237-001.nev
R:\data_raw\human\crs_array\CRS02b\BlackrockData\BaselineP\20180131-115839\,20180131-115839-001.nev
R:\data_raw\human\crs_array\CRS02b\BlackrockData\BaselineP\20180201-121214\,20180201-121214-001.nev
R:\data_raw\human\crs_array\CRS02b\BlackrockData\BaselineP\20180205-120236\,20180205-120236-001.nev
R:\data_raw\human\crs_array\CRS02b\BlackrockData\BaselineP\20180208-115138\,20180208-115138-001.nev
R:\data_raw\human\crs_array\CRS02b\BlackrockData\BaselineP\20180209-115256\,20180209-115256-001.nev
R:\data_raw\human\crs_array\CRS02b\BlackrockData\BaselineP\20180212-120133\,20180212-120133-001.nev
R:\data_raw\human\crs_array\CRS02b\BlackrockData\BaselineP\20180213-114842\,20180213-114842-001.nev
R:\data_raw\human\crs_array\CRS02b\BlackrockData\BaselineP\20180219-120932\,20180219-120932-001.nev
R:\data_raw\human\crs_array\CRS02b\BlackrockData\BaselineP\20180220-115610\,20180220-115610-001.nev
R:\data_raw\human\crs_array\CRS02b\BlackrockData\BaselineP\20180226-121855\,20180226-121855-001.nev
R:\data_raw\human\crs_array\CRS02b\BlackrockData\BaselineP\20180227-120546\,20180227-120546-001.nev
R:\data_raw\human\crs_array\CRS02b\BlackrockData\BaselineP\20180302-121727\,20180302-121727-001.nev
R:\data_raw\human\crs_array\CRS02b\BlackrockData\BaselineP\20180306-115638\,20180306-115638-001.nev
R:\data_raw\human\crs_array\CRS02b\BlackrockData\BaselineP\20180308-115828\,20180308-115828-001.nev
R:\data_raw\human\crs_array\CRS02b\BlackrockData\BaselineP\20180313-114422\,20180313-114422-001.nev
R:\data_raw\human\crs_array\CRS02b\BlackrockData\BaselineP\20180316-115811\,20180316-115811-001.nev
R:\data_raw\human\crs_array\CRS02b\BlackrockData\BaselineP\20180319-122828\,20180319-122828-001.nev
R:\data_raw\human\crs_array\CRS02b\BlackrockData\BaselineP\20180320-115358\,20180320-115358-001.nev
R:\data_raw\human\crs_array\CRS02b\BlackrockData\BaselineP\20180322-113946\,20180322-113946-001.nev
R:\data_raw\human\crs_array\CRS02b\BlackrockData\BaselineP\20180326-125231\,20180326-125231-001.nev
R:\data_raw\human\crs_array\CRS02b\BlackrockData\BaselineP\20180327-122154\,20180327-122154-001.nev
R:\data_raw\human\crs_array\CRS02b\BlackrockData\BaselineP\20180329-115216\,20180329-115216-001.nev
R:\data_raw\human\crs_array\CRS02b\BlackrockData\BaselineP\20180403-113511\,20180403-113511-001.nev
R:\data_raw\human\crs_array\CRS02b\BlackrockData\BaselineP\20180409-125416\,20180409-125416-001.nev
R:\data_raw\human\crs_array\CRS02b\BlackrockData\BaselineP\20180410-120154\,20180410-120154-001.nev
R:\data_raw\human\crs_array\CRS02b\BlackrockData\BaselineP\20180413-120311\,20180413-120311-001.nev
R:\data_raw\human\crs_array\CRS02b\BlackrockData\BaselineP\20180417-120610\,20180417-120610-001.nev
R:\data_raw\human\crs_array\CRS02b\BlackrockData\BaselineP\20180419-121305\,20180419-121305-001.nev
R:\data_raw\human\crs_array\CRS02b\BlackrockData\BaselineP\20180423-114836\,20180423-114836-001.nev
R:\data_raw\human\crs_array\CRS02b\BlackrockData\BaselineP\20180424-121435\,20180424-121435-001.nev
R:\data_raw\human\crs_array\CRS02b\BlackrockData\BaselineP\20180427-115719\,20180427-115719-001.nev
R:\data_raw\human\crs_array\CRS02b\BlackrockData\BaselineP\20180430-120050\,20180430-120050-001.nev
R:\data_raw\human\crs_array\CRS02b\BlackrockData\BaselineP\20180503-124821\,20180503-124821-001.nev
R:\data_raw\human\crs_array\CRS02b\BlackrockData\BaselineP\20180504-120056\,20180504-120056-001.nev
R:\data_raw\human\crs_array\CRS02b\BlackrockData\BaselineP\20180508-121520\,20180508-121520-001.nev
R:\data_raw\human\crs_array\CRS02b\BlackrockData\BaselineP\20180510-114400\,20180510-114400-001.nev
R:\data_raw\human\crs_array\CRS02b\BlackrockData\BaselineP\20180511-120538\,20180511-120538-001.nev
R:\data_raw\human\crs_array\CRS02b\BlackrockData\BaselineP\20180515-120529\,20180515-120529-001.nev
R:\data_raw\human\crs_array\CRS02b\BlackrockData\BaselineP\20180516-122658\,20180516-122658-001.nev
R:\data_raw\human\crs_array\CRS02b\BlackrockData\BaselineP\20180517-114658\,20180517-114658-001.nev
R:\data_raw\human\crs_array\CRS02b\BlackrockData\BaselineP\20180521-121802\,20180521-121802-001.nev
R:\data_raw\human\crs_array\CRS02b\BlackrockData\BaselineP\20180525-120041\,20180525-120041-001.nev
R:\data_raw\human\crs_array\CRS02b\BlackrockData\BaselineP\20180530-115602\,20180530-115602-001.nev
R:\data_raw\human\crs_array\CRS02b\BlackrockData\BaselineP\20180531-120204\,20180531-120204-001.nev
R:\data_raw\human\crs_array\CRS02b\BlackrockData\BaselineP\20180601-114412\,20180601-114412-001.nev
R:\data_raw\human\crs_array\CRS02b\BlackrockData\BaselineP\20180604-121306\,20180604-121306-001.nev
R:\data_raw\human\crs_array\CRS02b\BlackrockData\BaselineP\20180607-114824\,20180607-114824-001.nev
R:\data_raw\human\crs_array\CRS02b\BlackrockData\BaselineP\20180611-114449\,20180611-114449-001.nev
R:\data_raw\human\crs_array\CRS02b\BlackrockData\BaselineP\20180612-114602\,20180612-114602-001.nev
R:\data_raw\human\crs_array\CRS02b\BlackrockData\BaselineP\20180614-113243\,20180614-113243-001.nev
R:\data_raw\human\crs_array\CRS02b\BlackrockData\BaselineP\20180618-114455\,20180618-114455-001.nev
R:\data_raw\human\crs_array\CRS02b\BlackrockData\BaselineP\20180619-115548\,20180619-115548-001.nev
R:\data_raw\human\crs_array\CRS02b\BlackrockData\BaselineP\20180621-115218\,20180621-115218-001.nev
R:\data_raw\human\crs_array\CRS02b\BlackrockData\BaselineP\20180625-120304\,20180625-120304-001.nev
R:\data_raw\human\crs_array\CRS02b\BlackrockData\BaselineP\20180626-115430\,20180626-115430-001.nev
R:\data_raw\human\crs_array\CRS02b\BlackrockData\BaselineP\20180628-120101\,20180628-120101-001.nev
R:\data_raw\human\crs_array\CRS02b\BlackrockData\BaselineP\20180702-122317\,20180702-122317-001.nev
R:\data_raw\human\crs_array\CRS02b\BlackrockData\BaselineP\20180703-115340\,20180703-115340-001.nev
R:\data_raw\human\crs_array\CRS02b\BlackrockData\BaselineP\20180705-115020\,20180705-115020-001.nev
R:\data_raw\human\crs_array\CRS02b\BlackrockData\BaselineP\20180709-120457\,20180709-120457-001.nev
R:\data_raw\human\crs_array\CRS02b\BlackrockData\BaselineP\20180710-115915\,20180710-115915-001.nev
R:\data_raw\human\crs_array\CRS02b\BlackrockData\BaselineP\20180712-114548\,20180712-114548-001.nev
R:\data_raw\human\crs_array\CRS02b\BlackrockData\BaselineP\20180717-121615\,20180717-121615-001.nev
R:\data_raw\human\crs_array\CRS02b\BlackrockData\BaselineP\20180718-121228\,20180718-121228-001.nev
R:\data_raw\human\crs_array\CRS02b\BlackrockData\BaselineP\20180719-121605\,20180719-121605-001.nev
R:\data_raw\human\crs_array\CRS02b\BlackrockData\BaselineP\20180723-115753\,20180723-115753-001.nev
R:\data_raw\human\crs_array\CRS02b\BlackrockData\BaselineP\20180724-114603\,20180724-114603-001.nev
R:\data_raw\human\crs_array\CRS02b\BlackrockData\BaselineP\20180726-114847\,20180726-114847-001.nev
R:\data_raw\human\crs_array\CRS02b\BlackrockData\BaselineP\20180731-120601\,20180731-120601-001.nev
R:\data_raw\human\crs_array\CRS02b\BlackrockData\BaselineP\20180801-120632\,20180801-120632-001.nev
R:\data_raw\human\crs_array\CRS02b\BlackrockData\BaselineP\20180802-115739\,20180802-115739-001.nev
R:\data_raw\human\crs_array\CRS02b\BlackrockData\BaselineP\20180806-120617\,20180806-120617-001.nev
R:\data_raw\human\crs_array\CRS02b\BlackrockData\BaselineP\20180807-124140\,20180807-124140-001.nev
R:\data_raw\human\crs_array\CRS02b\BlackrockData\BaselineP\20180808-120207\,20180808-120207-001.nev
R:\data_raw\human\crs_array\CRS02b\BlackrockData\BaselineP\20180813-130118\,20180813-130118-001.nev
R:\data_raw\human\crs_array\CRS02b\BlackrockData\BaselineP\20180814-115823\,20180814-115823-001.nev
R:\data_raw\human\crs_array\CRS02b\BlackrockData\BaselineP\20180817-115602\,20180817-115602-001.nev
R:\data_raw\human\crs_array\CRS02b\BlackrockData\BaselineP\20180820-115344\,20180820-115344-001.nev
R:\data_raw\human\crs_array\CRS02b\BlackrockData\BaselineP\20180821-115914\,20180821-115914-001.nev
R:\data_raw\human\crs_array\CRS02b\BlackrockData\BaselineP\20180822-121537\,20180822-121537-001.nev
R:\data_raw\human\crs_array\CRS02b\BlackrockData\BaselineP\20180827-115626\,20180827-115626-001.nev
R:\data_raw\human\crs_array\CRS02b\BlackrockData\BaselineP\20180829-120624\,20180829-120624-001.nev
R:\data_raw\human\crs_array\CRS02b\BlackrockData\BaselineP\20180830-120433\,20180830-120433-001.nev
R:\data_raw\human\crs_array\CRS02b\BlackrockData\BaselineP\20180904-115510\,20180904-115510-001.nev
R:\data_raw\human\crs_array\CRS02b\BlackrockData\BaselineP\20180917-120347\,20180917-120347-001.nev
R:\data_raw\human\crs_array\CRS02b\BlackrockData\BaselineP\20180926-124325\,20180926-124325-001.nev
R:\data_raw\human\crs_array\CRS02b\BlackrockData\BaselineP\20180926-125323\,20180926-125323-001.nev
R:\data_raw\human\crs_array\CRS02b\BlackrockData\BaselineP\20180928-122526\,20180928-122526-001.nev
R:\data_raw\human\crs_array\CRS02b\BlackrockData\BaselineP\20181001-123143\,20181001-123143-001.nev
R:\data_raw\human\crs_array\CRS02b\BlackrockData\BaselineP\20181002-113927\,20181002-113927-001.nev
R:\data_raw\human\crs_array\CRS02b\BlackrockData\BaselineP\20181004-122013\,20181004-122013-001.nev
R:\data_raw\human\crs_array\CRS02b\BlackrockData\BaselineP\20181008-114349\,20181008-114349-001.nev
R:\data_raw\human\crs_array\CRS02b\BlackrockData\BaselineP\20181009-120754\,20181009-120754-001.nev
R:\data_raw\human\crs_array\CRS02b\BlackrockData\BaselineP\20181012-122737\,20181012-122737-001.nev
R:\data_raw\human\crs_array\CRS02b\BlackrockData\BaselineP\20181015-114352\,20181015-114352-001.nev
R:\data_raw\human\crs_array\CRS02b\BlackrockData\BaselineP\20181019-114220\,20181019-114220-001.nev
R:\data_raw\human\crs_array\CRS02b\BlackrockData\BaselineP\20181022-122914\,20181022-122914-001.nev
R:\data_raw\human\crs_array\CRS02b\BlackrockData\BaselineP\20181023-113332\,20181023-113332-001.nev
R:\data_raw\human\crs_array\CRS02b\BlackrockData\BaselineP\20181026-120652\,20181026-120652-001.nev
R:\data_raw\human\crs_array\CRS02b\BlackrockData\BaselineP\20181029-120448\,20181029-120448-001.nev
R:\data_raw\human\crs_array\CRS02b\BlackrockData\BaselineP\20181030-114243\,20181030-114243-001.nev
R:\data_raw\human\crs_array\CRS02b\BlackrockData\BaselineP\20181109-120908\,20181109-120908-001.nev
R:\data_raw\human\crs_array\CRS02b\BlackrockData\BaselineP\20181113-115439\,20181113-115439-001.nev
R:\data_raw\human\crs_array\CRS02b\BlackrockData\BaselineP\20181115-123835\,20181115-123835-001.nev
R:\data_raw\human\crs_array\CRS02b\BlackrockData\BaselineP\20181116-125947\,20181116-125947-001.nev
R:\data_raw\human\crs_array\CRS02b\BlackrockData\BaselineP\20181119-115018\,20181119-115018-001.nev
R:\data_raw\human\crs_array\CRS02b\BlackrockData\BaselineP\20181120-120733\,20181120-120733-001.nev
R:\data_raw\human\crs_array\CRS02b\BlackrockData\BaselineP\20181126-115754\,20181126-115754-001.nev
R:\data_raw\human\crs_array\CRS02b\BlackrockData\BaselineP\20181129-123204\,20181129-123204-001.nev
R:\data_raw\human\crs_array\CRS02b\BlackrockData\BaselineP\20181205-121546\,20181205-121546-001.nev
R:\data_raw\human\crs_array\CRS02b\BlackrockData\BaselineP\20181206-120832\,20181206-120832-001.nev
R:\data_raw\human\crs_array\CRS02b\BlackrockData\BaselineP\20181210-114841\,20181210-114841-001.nev
R:\data_raw\human\crs_array\CRS02b\BlackrockData\BaselineP\20181211-122329\,20181211-122329-001.nev
R:\data_raw\human\crs_array\CRS02b\BlackrockData\BaselineP\20181211-122538\,20181211-122538-001.nev
R:\data_raw\human\crs_array\CRS02b\BlackrockData\BaselineP\20181211-122750\,20181211-122750-001.nev
R:\data_raw\human\crs_array\CRS02b\BlackrockData\BaselineP\20181213-115115\,20181213-115115-001.nev
R:\data_raw\human\crs_array\CRS02b\BlackrockData\BaselineP\20181217-113703\,20181217-113703-001.nev
R:\data_raw\human\crs_array\CRS02b\BlackrockData\BaselineP\20181218-120404\,20181218-120404-001.nev
R:\data_raw\human\crs_array\CRS02b\BlackrockData\BaselineP\20181221-121030\,20181221-121030-001.nev
R:\data_raw\human\crs_array\CRS02b\BlackrockData\BaselineP\20190103-120020\,20190103-120020-001.nev
R:\data_raw\human\crs_array\CRS02b\BlackrockData\BaselineP\20190107-120419\,20190107-120419-001.nev
R:\data_raw\human\crs_array\CRS02b\BlackrockData\BaselineP\20190108-115353\,20190108-115353-001.nev
R:\data_raw\human\crs_array\CRS02b\BlackrockData\BaselineP\20190110-115544\,20190110-115544-001.nev
R:\data_raw\human\crs_array\CRS02b\BlackrockData\BaselineP\20190115-121744\,20190115-121744-001.nev
R:\data_raw\human\crs_array\CRS02b\BlackrockData\BaselineP\20190116-114839\,20190116-114839-001.nev
R:\data_raw\human\crs_array\CRS02b\BlackrockData\BaselineP\20190117-122029\,20190117-122029-001.nev
R:\data_raw\human\crs_array\CRS02b\BlackrockData\BaselineP\20190122-115508\,20190122-115508-001.nev
R:\data_raw\human\crs_array\CRS02b\BlackrockData\BaselineP\20190123-115255\,20190123-115255-001.nev
R:\data_raw\human\crs_array\CRS02b\BlackrockData\BaselineP\20190128-114529\,20190128-114529-001.nev
R:\data_raw\human\crs_array\CRS02b\BlackrockData\BaselineP\20190129-115239\,20190129-115239-001.nev
R:\data_raw\human\crs_array\CRS02b\BlackrockData\BaselineP\20190131-121000\,20190131-121000-001.nev
R:\data_raw\human\crs_array\CRS02b\BlackrockData\BaselineP\20190204-115614\,20190204-115614-001.nev
R:\data_raw\human\crs_array\CRS02b\BlackrockData\BaselineP\20190204-115723\,20190204-115723-001.nev
R:\data_raw\human\crs_array\CRS02b\BlackrockData\BaselineP\20190211-121821\,20190211-121821-001.nev
R:\data_raw\human\crs_array\CRS02b\BlackrockData\BaselineP\20190211-121913\,20190211-121913-001.nev
R:\data_raw\human\crs_array\CRS02b\BlackrockData\BaselineP\20190212-122006\,20190212-122006-001.nev
R:\data_raw\human\crs_array\CRS02b\BlackrockData\BaselineP\20190215-134841\,20190215-134841-001.nev
R:\data_raw\human\crs_array\CRS02b\BlackrockData\BaselineP\20190218-121631\,20190218-121631-001.nev
R:\data_raw\human\crs_array\CRS02b\BlackrockData\BaselineP\20190219-120832\,20190219-120832-001.nev
R:\data_raw\human\crs_array\CRS02b\BlackrockData\BaselineP\20190221-121832\,20190221-121832-001.nev
R:\data_raw\human\crs_array\CRS02b\BlackrockData\BaselineP\20190225-122009\,20190225-122009-001.nev
R:\data_raw\human\crs_array\CRS02b\BlackrockData\BaselineP\20190226-120303\,20190226-120303-001.nev
R:\data_raw\human\crs_array\CRS02b\BlackrockData\BaselineP\20190228-120531\,20190228-120531-001.nev
R:\data_raw\human\crs_array\CRS02b\BlackrockData\BaselineP\20190305-121951\,20190305-121951-001.nev
R:\data_raw\human\crs_array\CRS02b\BlackrockData\BaselineP\20190308-121326\,20190308-121326-001.nev
R:\data_raw\human\crs_array\CRS02b\BlackrockData\BaselineP\20190311-120155\,20190311-120155-001.nev
R:\data_raw\human\crs_array\CRS02b\BlackrockData\BaselineP\20190312-115912\,20190312-115912-001.nev
R:\data_raw\human\crs_array\CRS02b\BlackrockData\BaselineP\20190314-120129\,20190314-120129-001.nev
R:\data_raw\human\crs_array\CRS02b\BlackrockData\BaselineP\20190318-120141\,20190318-120141-001.nev
R:\data_raw\human\crs_array\CRS02b\BlackrockData\BaselineP\20190319-120411\,20190319-120411-001.nev
R:\data_raw\human\crs_array\CRS02b\BlackrockData\BaselineP\20190321-120521\,20190321-120521-001.nev
R:\data_raw\human\crs_array\CRS02b\BlackrockData\BaselineP\20190325-115447\,20190325-115447-001.nev
R:\data_raw\human\crs_array\CRS02b\BlackrockData\BaselineP\20190326-120824\,20190326-120824-001.nev
R:\data_raw\human\crs_array\CRS02b\BlackrockData\BaselineP\20190328-122423\,20190328-122423-001.nev
R:\data_raw\human\crs_array\CRS02b\BlackrockData\BaselineP\20190401-121009\,20190401-121009-001.nev
R:\data_raw\human\crs_array\CRS02b\BlackrockData\BaselineP\20190402-120056\,20190402-120056-001.nev
R:\data_raw\human\crs_array\CRS02b\BlackrockData\BaselineP\20190404-120749\,20190404-120749-001.nev
R:\data_raw\human\crs_array\CRS02b\BlackrockData\BaselineP\20190408-115154\,20190408-115154-001.nev
R:\data_raw\human\crs_array\CRS02b\BlackrockData\BaselineP\20190409-122343\,20190409-122343-001.nev
R:\data_raw\human\crs_array\CRS02b\BlackrockData\BaselineP\20190510-125934\,20190510-125934-001.nev
R:\data_raw\human\crs_array\CRS02b\BlackrockData\BaselineP\20190516-115516\,20190516-115516-001.nev
R:\data_raw\human\crs_array\CRS02b\BlackrockData\BaselineP\20190517-120441\,20190517-120441-001.nev
R:\data_raw\human\crs_array\CRS02b\BlackrockData\BaselineP\20190520-121100\,20190520-121100-001.nev
R:\data_raw\human\crs_array\CRS02b\BlackrockData\BaselineP\20190521-121056\,20190521-121056-001.nev
R:\data_raw\human\crs_array\CRS02b\BlackrockData\BaselineP\20190523-115206\,20190523-115206-001.nev
R:\data_raw\human\crs_array\CRS02b\BlackrockData\BaselineP\20190528-114031\,20190528-114031-001.nev
R:\data_raw\human\crs_array\CRS02b\BlackrockData\BaselineP\20190529-115654\,20190529-115654-001.nev
R:\data_raw\human\crs_array\CRS02b\BlackrockData\BaselineP\20190530-115125\,20190530-115125-001.nev
R:\data_raw\human\crs_array\CRS02b\BlackrockData\BaselineP\20190603-114340\,20190603-114340-001.nev
R:\data_raw\human\crs_array\CRS02b\BlackrockData\BaselineP\20190606-112902\,20190606-112902-001.nev
R:\data_raw\human\crs_array\CRS02b\BlackrockData\BaselineP\20190607-112524\,20190607-112524-001.nev
R:\data_raw\human\crs_array\CRS02b\BlackrockData\BaselineP\20190610-120001\,20190610-120001-001.nev
R:\data_raw\human\crs_array\CRS02b\BlackrockData\BaselineP\20190613-121202\,20190613-121202-001.nev
R:\data_raw\human\crs_array\CRS02b\BlackrockData\BaselineP\20190614-121922\,20190614-121922-001.nev
R:\data_raw\human\crs_array\CRS02b\BlackrockData\BaselineP\20190617-115507\,20190617-115507-001.nev
R:\data_raw\human\crs_array\CRS02b\BlackrockData\BaselineP\20190618-120705\,20190618-120705-001.nev
R:\data_raw\human\crs_array\CRS02b\BlackrockData\BaselineP\20190620-122415\,20190620-122415-001.nev
R:\data_raw\human\crs_array\CRS02b\BlackrockData\BaselineP\20190621-122246\,20190621-122246-001.nev
R:\data_raw\human\crs_array\CRS02b\BlackrockData\BaselineP\20190624-123335\,20190624-123335-001.nev
R:\data_raw\human\crs_array\CRS02b\BlackrockData\BaselineP\20190625-120017\,20190625-120017-001.nev
R:\data_raw\human\crs_array\CRS02b\BlackrockData\BaselineP\20190626-115045\,20190626-115045-001.nev
R:\data_raw\human\crs_array\CRS02b\BlackrockData\BaselineP\20190703-115751\,20190703-115751-001.nev
R:\data_raw\human\crs_array\CRS02b\BlackrockData\BaselineP\20190705-115651\,20190705-115651-001.nev
R:\data_raw\human\crs_array\CRS02b\BlackrockData\BaselineP\20190708-114943\,20190708-114943-001.nev
R:\data_raw\human\crs_array\CRS02b\BlackrockData\BaselineP\20190710-121746\,20190710-121746-001.nev
R:\data_raw\human\crs_array\CRS02b\BlackrockData\BaselineP\20190711-121350\,20190711-121350-001.nev
R:\data_raw\human\crs_array\CRS02b\BlackrockData\BaselineP\20190712-120036\,20190712-120036-001.nev
R:\data_raw\human\crs_array\CRS02b\BlackrockData\BaselineP\20190716-122625\,20190716-122625-001.nev
R:\data_raw\human\crs_array\CRS02b\BlackrockData\BaselineP\20190719-120611\,20190719-120611-001.nev
R:\data_raw\human\crs_array\CRS02b\BlackrockData\BaselineP\20190723-115415\,20190723-115415-001.nev
R:\data_raw\human\crs_array\CRS02b\BlackrockData\BaselineP\20190725-115753\,20190725-115753-001.nev
R:\data_raw\human\crs_array\CRS02b\BlackrockData\BaselineP\20190726-114140\,20190726-114140-001.nev
R:\data_raw\human\crs_array\CRS02b\BlackrockData\BaselineP\20190730-124927\,20190730-124927-001.nev
R:\data_raw\human\crs_array\CRS02b\BlackrockData\BaselineP\20190802-120929\,20190802-120929-001.nev
R:\data_raw\human\crs_array\CRS02b\BlackrockData\BaselineP\20190805-122256\,20190805-122256-001.nev
R:\data_raw\human\crs_array\CRS02b\BlackrockData\BaselineP\20190806-120111\,20190806-120111-001.nev
R:\data_raw\human\crs_array\CRS02b\BlackrockData\BaselineP\20190807-115805\,20190807-115805-001.nev
R:\data_raw\human\crs_array\CRS02b\BlackrockData\BaselineP\20190815-113748\,20190815-113748-001.nev
R:\data_raw\human\crs_array\CRS02b\BlackrockData\BaselineP\20190816-132538\,20190816-132538-001.nev
R:\data_raw\human\crs_array\CRS02b\BlackrockData\BaselineP\20190822-124357\,20190822-124357-001.nev
R:\data_raw\human\crs_array\CRS02b\BlackrockData\BaselineP\20190826-120448\,20190826-120448-001.nev
R:\data_raw\human\crs_array\CRS02b\BlackrockData\BaselineP\20190829-121547\,20190829-121547-001.nev
R:\data_raw\human\crs_array\CRS02b\BlackrockData\BaselineP\20190903-120313\,20190903-120313-001.nev
R:\data_raw\human\crs_array\CRS02b\BlackrockData\BaselineP\20190904-120339\,20190904-120339-001.nev
R:\data_raw\human\crs_array\CRS02b\BlackrockData\BaselineP\20190905-120329\,20190905-120329-001.nev
R:\data_raw\human\crs_array\CRS02b\BlackrockData\BaselineP\20190906-121518\,20190906-121518-001.nev
R:\data_raw\human\crs_array\CRS02b\BlackrockData\BaselineP\20190910-120226\,20190910-120226-001.nev
R:\data_raw\human\crs_array\CRS02b\BlackrockData\BaselineP\20190911-115615\,20190911-115615-001.nev
R:\data_raw\human\crs_array\CRS02b\BlackrockData\BaselineP\20190912-121434\,20190912-121434-001.nev
R:\data_raw\human\crs_array\CRS02b\BlackrockData\BaselineP\20190913-130829\,20190913-130829-001.nev
R:\data_raw\human\crs_array\CRS02b\BlackrockData\BaselineP\20190916-121535\,20190916-121535-001.nev
R:\data_raw\human\crs_array\CRS02b\BlackrockData\BaselineP\20190917-115811\,20190917-115811-001.nev
R:\data_raw\human\crs_array\CRS02b\BlackrockData\BaselineP\20190919-121156\,20190919-121156-001.nev
R:\data_raw\human\crs_array\CRS02b\BlackrockData\BaselineP\20190920-135039\,20190920-135039-001.nev
R:\data_raw\human\crs_array\CRS02b\BlackrockData\BaselineP\20190923-121609\,20190923-121609-001.nev
R:\data_raw\human\crs_array\CRS02b\BlackrockData\BaselineP\20190924-120635\,20190924-120635-001.nev
R:\data_raw\human\crs_array\CRS02b\BlackrockData\BaselineP\20190926-115257\,20190926-115257-001.nev
R:\data_raw\human\crs_array\CRS02b\BlackrockData\BaselineP\20190930-120351\,20190930-120351-001.nev
R:\data_raw\human\crs_array\CRS02b\BlackrockData\BaselineP\20191001-114922\,20191001-114922-001.nev
R:\data_raw\human\crs_array\CRS02b\BlackrockData\BaselineP\20191003-120629\,20191003-120629-001.nev
R:\data_raw\human\crs_array\CRS02b\BlackrockData\BaselineP\20191007-120242\,20191007-120242-001.nev
R:\data_raw\human\crs_array\CRS02b\BlackrockData\BaselineP\20191008-121018\,20191008-121018-001.nev
R:\data_raw\human\crs_array\CRS02b\BlackrockData\BaselineP\20191010-115028\,20191010-115028-001.nev
R:\data_raw\human\crs_array\CRS02b\BlackrockData\BaselineP\20191014-120550\,20191014-120550-001.nev
R:\data_raw\human\crs_array\CRS02b\BlackrockData\BaselineP\20191015-115817\,20191015-115817-001.nev
R:\data_raw\human\crs_array\CRS02b\BlackrockData\BaselineP\20191017-121038\,20191017-121038-001.nev
R:\data_raw\human\crs_array\CRS02b\BlackrockData\BaselineP\20191024-120046\,20191024-120046-001.nev
R:\data_raw\human\crs_array\CRS02b\BlackrockData\BaselineP\20191028-115809\,20191028-115809-001.nev
R:\data_raw\human\crs_array\CRS02b\BlackrockData\BaselineP\20191029-115838\,20191029-115838-001.nev
R:\data_raw\human\crs_array\CRS02b\BlackrockData\BaselineP\20191029-120003\,20191029-120003-001.nev
R:\data_raw\human\crs_array\CRS02b\BlackrockData\BaselineP\20191031-130300\,20191031-130300-001.nev
R:\data_raw\human\crs_array\CRS02b\BlackrockData\BaselineP\20191104-120906\,20191104-120906-001.nev
R:\data_raw\human\crs_array\CRS02b\BlackrockData\BaselineP\20191105-120103\,20191105-120103-001.nev
R:\data_raw\human\crs_array\CRS02b\BlackrockData\BaselineP\20191107-120744\,20191107-120744-001.nev
R:\data_raw\human\crs_array\CRS02b\BlackrockData\BaselineP\20191112-115245\,20191112-115245-001.nev
R:\data_raw\human\crs_array\CRS02b\BlackrockData\BaselineP\20191114-115456\,20191114-115456-001.nev
R:\data_raw\human\crs_array\CRS02b\BlackrockData\BaselineP\20191115-125907\,20191115-125907-001.nev
R:\data_raw\human\crs_array\CRS02b\BlackrockData\BaselineP\20191119-115449\,20191119-115449-001.nev
R:\data_raw\human\crs_array\CRS02b\BlackrockData\BaselineP\20191121-114314\,20191121-114314-001.nev
R:\data_raw\human\crs_array\CRS02b\BlackrockData\BaselineP\20191121-114719\,20191121-114719-001.nev
R:\data_raw\human\crs_array\CRS02b\BlackrockData\BaselineP\20191122-115511\,20191122-115511-001.nev
R:\data_raw\human\crs_array\CRS02b\BlackrockData\BaselineP\20191122-115649\,20191122-115649-001.nev
R:\data_raw\human\crs_array\CRS02b\BlackrockData\BaselineP\20191125-120105\,20191125-120105-001.nev
R:\data_raw\human\crs_array\CRS02b\BlackrockData\BaselineP\20191125-120834\,20191125-120834-001.nev
R:\data_raw\human\crs_array\CRS02b\BlackrockData\BaselineP\20191126-115435\,20191126-115435-001.nev
R:\data_raw\human\crs_array\CRS02b\BlackrockData\BaselineP\20191126-115435\,20191126-115435-002.nev
R:\data_raw\human\crs_array\CRS02b\BlackrockData\BaselineP\20191126-115846\,20191126-115846-001.nev
R:\data_raw\human\crs_array\CRS02b\BlackrockData\BaselineP\20191126-141335\,20191126-141335-001.nev
R:\data_raw\human\crs_array\CRS02b\BlackrockData\BaselineP\20191202-115242\,20191202-115242-001.nev
R:\data_raw\human\crs_array\CRS02b\BlackrockData\BaselineP\20191202-115437\,20191202-115437-001.nev
R:\data_raw\human\crs_array\CRS02b\BlackrockData\BaselineP\20191203-115324\,20191203-115324-001.nev
R:\data_raw\human\crs_array\CRS02b\BlackrockData\BaselineP\20191203-115536\,20191203-115536-001.nev
R:\data_raw\human\crs_array\CRS02b\BlackrockData\BaselineP\20191205-115617\,20191205-115617-001.nev
R:\data_raw\human\crs_array\CRS02b\BlackrockData\BaselineP\20191205-115801\,20191205-115801-001.nev
R:\data_raw\human\crs_array\CRS02b\BlackrockData\BaselineP\20191209-115759\,20191209-115759-001.nev
R:\data_raw\human\crs_array\CRS02b\BlackrockData\BaselineP\20191209-120007\,20191209-120007-001.nev
R:\data_raw\human\crs_array\CRS02b\BlackrockData\BaselineP\20191210-115203\,20191210-115203-001.nev
R:\data_raw\human\crs_array\CRS02b\BlackrockData\BaselineP\20191210-115406\,20191210-115406-001.nev
R:\data_raw\human\crs_array\CRS02b\BlackrockData\BaselineP\20191213-114444\,20191213-114444-001.nev
R:\data_raw\human\crs_array\CRS02b\BlackrockData\BaselineP\20191213-114804\,20191213-114804-001.nev
R:\data_raw\human\crs_array\CRS02b\BlackrockData\BaselineP\20191216-120023\,20191216-120023-001.nev
R:\data_raw\human\crs_array\CRS02b\BlackrockData\BaselineP\20191216-120222\,20191216-120222-001.nev
R:\data_raw\human\crs_array\CRS02b\BlackrockData\BaselineP\20191219-120314\,20191219-120314-001.nev
R:\data_raw\human\crs_array\CRS02b\BlackrockData\BaselineP\20191219-120521\,20191219-120521-001.nev
R:\data_raw\human\crs_array\CRS02b\BlackrockData\BaselineP\20191220-115323\,20191220-115323-001.nev
R:\data_raw\human\crs_array\CRS02b\BlackrockData\BaselineP\20191220-115503\,20191220-115503-001.nev
R:\data_raw\human\crs_array\CRS02b\BlackrockData\BaselineP\20191227-114124\,20191227-114124-001.nev
R:\data_raw\human\crs_array\CRS02b\BlackrockData\BaselineP\20191227-114322\,20191227-114322-001.nev
R:\data_raw\human\crs_array\CRS02b\BlackrockData\BaselineP\20200102-115826\,20200102-115826-001.nev
R:\data_raw\human\crs_array\CRS02b\BlackrockData\BaselineP\20200102-120044\,20200102-120044-001.nev
R:\data_raw\human\crs_array\CRS02b\BlackrockData\BaselineP\20200106-114509\,20200106-114509-001.nev
R:\data_raw\human\crs_array\CRS02b\BlackrockData\BaselineP\20200106-114654\,20200106-114654-001.nev
R:\data_raw\human\crs_array\CRS02b\BlackrockData\BaselineP\20200107-115051\,20200107-115051-001.nev
R:\data_raw\human\crs_array\CRS02b\BlackrockData\BaselineP\20200107-115248\,20200107-115248-001.nev
R:\data_raw\human\crs_array\CRS02b\BlackrockData\BaselineP\20200109-115501\,20200109-115501-001.nev
R:\data_raw\human\crs_array\CRS02b\BlackrockData\BaselineP\20200109-115641\,20200109-115641-001.nev
R:\data_raw\human\crs_array\CRS02b\BlackrockData\BaselineP\20200113-115237\,20200113-115237-001.nev
R:\data_raw\human\crs_array\CRS02b\BlackrockData\BaselineP\20200113-115712\,20200113-115712-001.nev
R:\data_raw\human\crs_array\CRS02b\BlackrockData\BaselineP\20200117-114244\,20200117-114244-001.nev
R:\data_raw\human\crs_array\CRS02b\BlackrockData\BaselineP\20200117-114429\,20200117-114429-001.nev
R:\data_raw\human\crs_array\CRS02b\BlackrockData\BaselineP\20200120-120104\,20200120-120104-001.nev
R:\data_raw\human\crs_array\CRS02b\BlackrockData\BaselineP\20200120-120318\,20200120-120318-001.nev
R:\data_raw\human\crs_array\CRS02b\BlackrockData\BaselineP\20200121-115649\,20200121-115649-001.nev
R:\data_raw\human\crs_array\CRS02b\BlackrockData\BaselineP\20200121-115923\,20200121-115923-001.nev
R:\data_raw\human\crs_array\CRS02b\BlackrockData\BaselineP\20200123-121723\,20200123-121723-001.nev
R:\data_raw\human\crs_array\CRS02b\BlackrockData\BaselineP\20200123-122104\,20200123-122104-001.nev
R:\data_raw\human\crs_array\CRS02b\BlackrockData\BaselineP\20200128-115454\,20200128-115454-001.nev
R:\data_raw\human\crs_array\CRS02b\BlackrockData\BaselineP\20200128-115652\,20200128-115652-001.nev
R:\data_raw\human\crs_array\CRS02b\BlackrockData\BaselineP\20200128-120226\,20200128-120226-001.nev
R:\data_raw\human\crs_array\CRS02b\BlackrockData\BaselineP\20200128-120416\,20200128-120416-001.nev
R:\data_raw\human\crs_array\CRS02b\BlackrockData\BaselineP\20200129-115505\,20200129-115505-001.nev
R:\data_raw\human\crs_array\CRS02b\BlackrockData\BaselineP\20200129-115711\,20200129-115711-001.nev
R:\data_raw\human\crs_array\CRS02b\BlackrockData\BaselineP\20200130-115925\,20200130-115925-001.nev
R:\data_raw\human\crs_array\CRS02b\BlackrockData\BaselineP\20200130-120242\,20200130-120242-001.nev
R:\data_raw\human\crs_array\CRS02b\BlackrockData\BaselineP\20200203-120612\,20200203-120612-001.nev
R:\data_raw\human\crs_array\CRS02b\BlackrockData\BaselineP\20200203-120755\,20200203-120755-001.nev
R:\data_raw\human\crs_array\CRS02b\BlackrockData\BaselineP\20200204-115501\,20200204-115501-001.nev
R:\data_raw\human\crs_array\CRS02b\BlackrockData\BaselineP\20200204-115655\,20200204-115655-001.nev
R:\data_raw\human\crs_array\CRS02b\BlackrockData\BaselineP\20200207-121933\,20200207-121933-001.nev
R:\data_raw\human\crs_array\CRS02b\BlackrockData\BaselineP\20200207-122134\,20200207-122134-001.nev
R:\data_raw\human\crs_array\CRS02b\BlackrockData\BaselineP\20200210-120249\,20200210-120249-001.nev
R:\data_raw\human\crs_array\CRS02b\BlackrockData\BaselineP\20200210-120531\,20200210-120531-001.nev
R:\data_raw\human\crs_array\CRS02b\BlackrockData\BaselineP\20200211-123115\,20200211-123115-001.nev
R:\data_raw\human\crs_array\CRS02b\BlackrockData\BaselineP\20200211-123300\,20200211-123300-001.nev
R:\data_raw\human\crs_array\CRS02b\BlackrockData\BaselineP\20200213-121956\,20200213-121956-001.nev
R:\data_raw\human\crs_array\CRS02b\BlackrockData\BaselineP\20200213-122219\,20200213-122219-001.nev
R:\data_raw\human\crs_array\CRS02b\BlackrockData\BaselineP\20200217-120030\,20200217-120030-001.nev
R:\data_raw\human\crs_array\CRS02b\BlackrockData\BaselineP\20200217-120204\,20200217-120204-001.nev
R:\data_raw\human\crs_array\CRS02b\BlackrockData\BaselineP\20200221-114758\,20200221-114758-001.nev
R:\data_raw\human\crs_array\CRS02b\BlackrockData\BaselineP\20200221-114937\,20200221-114937-001.nev
R:\data_raw\human\crs_array\CRS02b\BlackrockData\BaselineP\20200224-114705\,20200224-114705-001.nev
R:\data_raw\human\crs_array\CRS02b\BlackrockData\BaselineP\20200224-114912\,20200224-114912-001.nev
R:\data_raw\human\crs_array\CRS02b\BlackrockData\BaselineP\20200225-113915\,20200225-113915-001.nev
R:\data_raw\human\crs_array\CRS02b\BlackrockData\BaselineP\20200225-114102\,20200225-114102-001.nev
R:\data_raw\human\crs_array\CRS02b\BlackrockData\BaselineP\20200227-120327\,20200227-120327-001.nev
R:\data_raw\human\crs_array\CRS02b\BlackrockData\BaselineP\20200227-120512\,20200227-120512-001.nev
R:\data_raw\human\crs_array\CRS02b\BlackrockData\BaselineP\20200302-114713\,20200302-114713-001.nev
R:\data_raw\human\crs_array\CRS02b\BlackrockData\BaselineP\20200302-114857\,20200302-114857-001.nev
R:\data_raw\human\crs_array\CRS02b\BlackrockData\BaselineP\20200302-133410\,20200302-133410-001.nev
R:\data_raw\human\crs_array\CRS02b\BlackrockData\BaselineP\20200303-114514\,20200303-114514-001.nev
R:\data_raw\human\crs_array\CRS02b\BlackrockData\BaselineP\20200303-114754\,20200303-114754-001.nev
R:\data_raw\human\crs_array\CRS02b\BlackrockData\BaselineP\20200303-132950\,20200303-132950-001.nev
R:\data_raw\human\crs_array\CRS02b\BlackrockData\BaselineP\20200304-123215\,20200304-123215-001.nev
R:\data_raw\human\crs_array\CRS02b\BlackrockData\BaselineP\20200304-123451\,20200304-123451-001.nev
R:\data_raw\human\crs_array\CRS02b\BlackrockData\BaselineP\20200304-124212\,20200304-124212-001.nev
R:\data_raw\human\crs_array\CRS02b\BlackrockData\BaselineP\20200304-125040\,20200304-125040-001.nev
R:\data_raw\human\crs_array\CRS02b\BlackrockData\BaselineP\20200625-121341\,20200625-121341-001.nev
R:\data_raw\human\crs_array\CRS02b\BlackrockData\BaselineP\20200625-121537\,20200625-121537-001.nev
R:\data_raw\human\crs_array\CRS02b\BlackrockData\BaselineP\20200630-121104\,20200630-121104-001.nev
R:\data_raw\human\crs_array\CRS02b\BlackrockData\BaselineP\20200630-121450\,20200630-121450-001.nev
R:\data_raw\human\crs_array\CRS02b\BlackrockData\BaselineP\20200702-121320\,20200702-121320-001.nev
R:\data_raw\human\crs_array\CRS02b\BlackrockData\BaselineP\20200702-121530\,20200702-121530-001.nev
R:\data_raw\human\crs_array\CRS02b\BlackrockData\BaselineP\20200706-113933\,20200706-113933-001.nev
R:\data_raw\human\crs_array\CRS02b\BlackrockData\BaselineP\20200706-114213\,20200706-114213-001.nev
R:\data_raw\human\crs_array\CRS02b\BlackrockData\BaselineP\20200707-112508\,20200707-112508-001.nev
R:\data_raw\human\crs_array\CRS02b\BlackrockData\BaselineP\20200707-112729\,20200707-112729-001.nev
R:\data_raw\human\crs_array\CRS02b\BlackrockData\BaselineP\20200709-120133\,20200709-120133-001.nev
R:\data_raw\human\crs_array\CRS02b\BlackrockData\BaselineP\20200709-120418\,20200709-120418-001.nev
R:\data_raw\human\crs_array\CRS02b\BlackrockData\BaselineP\20200713-113756\,20200713-113756-001.nev
R:\data_raw\human\crs_array\CRS02b\BlackrockData\BaselineP\20200713-114025\,20200713-114025-001.nev
R:\data_raw\human\crs_array\CRS02b\BlackrockData\BaselineP\20200714-120913\,20200714-120913-001.nev
R:\data_raw\human\crs_array\CRS02b\BlackrockData\BaselineP\20200714-121120\,20200714-121120-001.nev
R:\data_raw\human\crs_array\CRS02b\BlackrockData\BaselineP\20200716-115746\,20200716-115746-001.nev
R:\data_raw\human\crs_array\CRS02b\BlackrockData\BaselineP\20200716-120053\,20200716-120053-001.nev
R:\data_raw\human\crs_array\CRS02b\BlackrockData\BaselineP\20200720-122016\,20200720-122016-001.nev
R:\data_raw\human\crs_array\CRS02b\BlackrockData\BaselineP\20200720-122311\,20200720-122311-001.nev
R:\data_raw\human\crs_array\CRS02b\BlackrockData\BaselineP\20200721-115338\,20200721-115338-001.nev
R:\data_raw\human\crs_array\CRS02b\BlackrockData\BaselineP\20200721-115532\,20200721-115532-001.nev
R:\data_raw\human\crs_array\CRS02b\BlackrockData\BaselineP\20200723-120529\,20200723-120529-001.nev
R:\data_raw\human\crs_array\CRS02b\BlackrockData\BaselineP\20200723-122315\,20200723-122315-001.nev
R:\data_raw\human\crs_array\CRS02b\BlackrockData\BaselineP\20200727-123434\,20200727-123434-001.nev
R:\data_raw\human\crs_array\CRS02b\BlackrockData\BaselineP\20200727-123711\,20200727-123711-001.nev
R:\data_raw\human\crs_array\CRS02b\BlackrockData\BaselineP\20200728-120332\,20200728-120332-001.nev
R:\data_raw\human\crs_array\CRS02b\BlackrockData\BaselineP\20200728-120524\,20200728-120524-001.nev
R:\data_raw\human\crs_array\CRS02b\BlackrockData\BaselineP\20200730-115106\,20200730-115106-001.nev
R:\data_raw\human\crs_array\CRS02b\BlackrockData\BaselineP\20200730-115420\,20200730-115420-001.nev
R:\data_raw\human\crs_array\CRS02b\BlackrockData\BaselineP\20200803-120304\,20200803-120304-001.nev
R:\data_raw\human\crs_array\CRS02b\BlackrockData\BaselineP\20200803-120523\,20200803-120523-001.nev
R:\data_raw\human\crs_array\CRS02b\BlackrockData\BaselineP\20200804-151936\,20200804-151936-001.nev
R:\data_raw\human\crs_array\CRS02b\BlackrockData\BaselineP\20200804-152207\,20200804-152207-001.nev
R:\data_raw\human\crs_array\CRS02b\BlackrockData\BaselineP\20200806-120712\,20200806-120712-001.nev
R:\data_raw\human\crs_array\CRS02b\BlackrockData\BaselineP\20200806-120933\,20200806-120933-001.nev
R:\data_raw\human\crs_array\CRS02b\BlackrockData\BaselineP\20200810-120639\,20200810-120639-001.nev
R:\data_raw\human\crs_array\CRS02b\BlackrockData\BaselineP\20200810-120902\,20200810-120902-001.nev
R:\data_raw\human\crs_array\CRS02b\BlackrockData\BaselineP\20200811-114114\,20200811-114114-001.nev
R:\data_raw\human\crs_array\CRS02b\BlackrockData\BaselineP\20200811-114322\,20200811-114322-001.nev
R:\data_raw\human\crs_array\CRS02b\BlackrockData\BaselineP\20200813-123523\,20200813-123523-001.nev
R:\data_raw\human\crs_array\CRS02b\BlackrockData\BaselineP\20200813-123704\,20200813-123704-001.nev
R:\data_raw\human\crs_array\CRS02b\BlackrockData\BaselineP\20200817-115459\,20200817-115459-001.nev
R:\data_raw\human\crs_array\CRS02b\BlackrockData\BaselineP\20200817-115711\,20200817-115711-001.nev
R:\data_raw\human\crs_array\CRS02b\BlackrockData\BaselineP\20200820-114208\,20200820-114208-001.nev
R:\data_raw\human\crs_array\CRS02b\BlackrockData\BaselineP\20200820-114435\,20200820-114435-001.nev
