~z20121107_M!Contra001.nev,77,2.22043,2.318671,
~z20121107_M!Contra001.nev,77,2.22043,2.318671,
~z20130205_M1Contra_ECoG2K_passiveobs001.nev,72,1.995277,2.114381,
~z20130205_M1Contra_ECoG2K_passiveobs001.nev,72,1.995277,2.114381,
~z20130206_M1Contra_ECoG2K_activeobs002 (2).nev,75,2.030672,2.139954,
~z20130206_M1Contra_ECoG2K_activeobs002 (2).nev,75,2.030672,2.139954,
~z20130206_M1Contra_ECoG2K_activeobs002.nev,75,2.030672,2.139954,
~z20130206_M1Contra_ECoG2K_activeobs002.nev,75,2.030672,2.139954,
~z20130208_M1Contra_ECoG2kRESAMPLE.nev,0, NaN, NaN,
~z20130208_M1Contra_ECoG2kRESAMPLE.nev,0, NaN, NaN,
~z20130909_M1Contra001-C4-01.nev,81,2.483965,2.497791,
~z20130926_M1Contra001.nev,64,3.421705,3.481963,
02082010_BP_M1abc_tng001.nev,10,3.987007,3.987007,
02082010_BP_M1abc_tng002.nev,8,3.748911,3.748911,
02082010_BP_M1abc_tng003.nev,0, NaN, NaN,
02082010_BP_M1abc_tng004.nev,5,3.995387,3.995387,
02082010_BP_M1abc_tng005.nev,13,2.485806,3.435641,
02092011_BP_M1abc_CMAa001.nev,3,1.09523,3.821909,
05092011_CMAabc_icmsM1_01.nev,0, NaN, NaN,
05092011_CMAabc_icmsS1_01001.nev,0, NaN, NaN,
05092011_S1abc_icmsCMA003.nev,10,1.214197,3.019939,
052616.nev,47,2.454851,3.170641,
07112011_M1abc_icmsM1c001.nev,0, NaN, NaN,
07112011_M1abc_icmsM1c002.nev,0, NaN, NaN,
07112011_M1abc_icmsM1c-v2001.nev,0, NaN, NaN,
080814_PMd_BRP001.nev,71,3.821137,3.821137,
091013_EMG_30kHz002.nev,0, NaN, NaN,
091013_EMG001.nev,0, NaN, NaN,
091120MI001.nev,26,1.539114,3.152264,
091120MI001.nev,41,2.468748,3.156075,
091124PMv001.nev,21,2.535575,3.941242,
10082010M1a2cCMAb001.nev,61,3.036905,3.511631,
10082010S1a2cCMAc001.nev,56,2.472319,3.094769,
10112010BPM1abcCMAd001001.nev,14,1.354006,2.753533,
10112010BPS1abcCMAd001001.nev,19,1.1162,2.956376,
10122010BPM1abcCMAd_Chew_001001.nev,1,0.243765,1.552727,
10122010BPM1abcCMAd_Chew_001001_AS_SNR5.nev,0, NaN, NaN,
10122010BPM1abcCMAd001001001.nev,3,0.386043,1.807549,
10122010BPM1abcCMAd001001002.nev,27,1.444667,2.534257,
10122010BPM1abcCMAd001001003.nev,3,3.820317,3.820317,
10122010BPM1abcCMAd001001004.nev,8,0.630474,2.254414,
10122010BPM1abcCMAd001001005.nev,1,0.314706,2.243126,
10132010BPM1abcCMAc001.nev,5,0.526835,2.100013,
10132010BPM1abcCMAc002.nev,0,0.550603, NaN,
10132010BPM1abcCMAc003.nev,1,0.484152,3.083138,
10152010_BP_CMAa_M1icms_bankA001.nev,0,0.425812, NaN,
10152010_BP_M1abc_CMAa_natbehav001.nev,26,1.680666,2.72967,
10152010_BP_M1abc_CMAicms_bankB001.nev,20,1.453324,2.550397,
10152010_BP_M1abc_CMAicms_bankB002.nev,24,3.789202,3.789202,
10152010_BP_M1abc_CMAicms_bankB003.nev,14,1.274201,2.358273,
10152010_BP_M1abc_CMAicms_bankC001.nev,17,1.352078,2.473841,
10152010_BP_M1abc_CMAicms001.nev,23,2.15195,2.91119,
10152010_BP_M1abc_CMAicms002.nev,19,1.338783,2.301227,
10162010_BP_M1abc_CMAb_icmsM1a001.nev,8,0.732256,1.99709,
10162010_BP_M1abc_CMAb_icmsM1a002.nev,19,0.985649,2.117436,
10162010_BP_M1abc_CMAb_icmsM1b001.nev,10,1.231968,2.081934,
10162010_BP_M1abc_CMAb_icmsM1c001.nev,9,0.957326,1.910723,
10162010_BP_M1abc_CMAb_natbehav001.nev,19,1.307019,2.681707,
10212010_BP_M1abc_CMAb_chew001.nev,12,0.636218,2.358945,
10212010_BP_M1abc_CMAb_tongue001.nev,18,3.676671,3.676671,
10212010_BP_M1abc_CMAb_tongue002.nev,25,3.002606,3.063897,
10212010_BP_M1abc_CMAb_tongue003.nev,27,1.938285,2.808587,
10212010_BP_M1abc_CMAb_tongue004.nev,41,2.025826,2.891634,
10222010_BP_CMAb_icmsM1a001.nev,1,0.568659,2.916852,
10222010_BP_CMAb_icmsM1b001.nev,1,1.52431,2.422009,
10222010_BP_CMAb_icmsM1c001.nev,0,0.458938, NaN,
10222010_BP_M1abc_CMAb_posticms001.nev,23,0.876136,2.376949,
10222010_BP_M1abc_CMAb_tng001.nev,34,2.484897,2.980399,
10222010_BP_M1abc_CMAb_tng002.nev,34,2.875974,3.168137,
10222010_BP_M1abc_CMAb_tng003.nev,35,3.022305,3.314909,
10222010_BP_M1abc_CMAb_tng004.nev,31,2.634818,3.156776,
10222010_BP_M1abc_CMAb_tng005.nev,31,2.358047,3.022378,
10222010_BP_S1abc_CMAa_icmsM1a001.nev,7,0.928308,2.478159,
10222010_BP_S1abc_CMAa_icmsM1b001.nev,6,1.014868,1.856408,
10222010_BP_S1abc_CMAa_icmsM1c001.nev,5,0.688395,2.481472,
10222010_BP_S1abc_CMAa_posticms001.nev,9,0.758629,2.582893,
10232010_BP_M1abc_CMAb_tng001.nev,21,3.050956,3.368823,
10232010_BP_M1abc_CMAb_tng002.nev,35,2.703821,2.902015,
10232010_BP_M1abc_CMAb_tng003.nev,29,2.145725,2.619858,
10232010_BP_M1abc_CMAb_tng004.nev,33,2.557383,2.763272,
10232010_BP_M1abc_CMAb_tng005.nev,31,2.476228,2.746387,
10232010_BP_M1abc_CMAb_tng006.nev,31,2.453085,2.714602,
10232010_BP_S1abc_CMAa_tng001.nev,13,2.353197,3.432713,
10232010_BP_S1abc_CMAa_tng002.nev,19,1.832583,3.047349,
10232010_BP_S1abc_CMAa_tng003.nev,20,1.715768,2.894046,
10232010_BP_S1abc_CMAa_tng006.nev,19,2.102551,3.154146,
10252010_BP_S1abc_CMAa_tng001.nev,14,2.567181,3.544745,
10252010_BP_S1abc_CMAa_tng002.nev,16,2.844105,3.378983,
10252010_BP_S1abc_CMAa_tng003.nev,14,2.823509,3.777401,
10252010_BP_S1abc_CMAa_tng005.nev,12,2.127768,3.461994,
10262010_BP_M1abc_CMAb_EVF001.nev,15,3.760221,3.760221,
10262010_BP_M1abc_CMAb_EVF002.nev,13,0.950618,2.649339,
10262010_BP_M1abc_CMAb_tng001.nev,26,3.016197,3.186524,
10262010_BP_M1abc_CMAb_tng002.nev,26,2.777966,3.052403,
10262010_BP_M1abc_CMAb_tng003.nev,23,3.313818,3.313818,
10262010_BP_M1abc_CMAb_tng004.nev,19,2.485138,3.105636,
10262010_BP_M1abc_CMAb_tng005.nev,21,2.421795,3.031792,
10262010_BP_S1abc_CMAa_evf001.nev,9,3.079002,3.814361,
10262010_BP_S1abc_CMAa_evf002.nev,9,1.104581,3.211349,
10262010_BP_S1abc_CMAa_tng001.nev,14,2.454561,3.532126,
10262010_BP_S1abc_CMAa_tng002.nev,16,2.566183,3.350628,
10262010_BP_S1abc_CMAa_tng003.nev,18,2.6029,3.175717,
10262010_BP_S1abc_CMAa_tng004.nev,15,2.237414,3.221597,
10262010_BP_S1abc_CMAa_tng005.nev,13,2.02014,3.542582,
10272010_BP_CMAa_icmsM1a001.nev,9,1.365658,3.04548,
10272010_BP_CMAa_icmsM1b001.nev,7,1.080132,3.064134,
10272010_BP_CMAa_icmsM1c001.nev,6,1.169983,3.315353,
10272010_BP_CMAc_icmsM1a001.nev,0,0.397209, NaN,
10272010_BP_CMAc_icmsM1b001.nev,0,0.413795, NaN,
10272010_BP_CMAc_icmsM1c001.nev,0,0.372516, NaN,
10272010_BP_M1abc_CMAc_tng001.nev,22,1.594094,3.232524,
10272010_BP_M1abc_CMAc_tng002.nev,9,4.227421,4.227421,
10272010_BP_S1abc_CMAa_tng.nev,6,3.602934,3.963829,
10272010_BP_S1abc_CMAa_tng001.nev,21,1.234572,2.734303,
10282010_BP_CMAa_icmsS1a001.nev,1,0.519704,1.647911,
10282010_BP_CMAa_icmsS1b.nev,2,0.953861,1.59705,
10282010_BP_CMAa_icmsS1c.nev,0,0.545503, NaN,
10282010_BP_M1abc_CMAc_icmsS1a001.nev,3,0.555881,2.195666,
10282010_BP_M1abc_CMAc_icmsS1b.nev,2,0.647522,2.018868,
10282010_BP_M1abc_CMAc_icmsS1c.nev,2,0.545021,1.968824,
10282010_BP_M1abc_CMAc_tng001.nev,15,1.173688,2.545283,
10282010_BP_M1abc_CMAc_tng002.nev,15,1.237559,2.750043,
10282010_BP_M1abc_CMAc_tng003.nev,15,1.351574,2.997964,
10282010_BP_M1abc_CMAc_tng004.nev,18,1.578549,2.939704,
10282010_BP_M1abc_CMAc_tng005.nev,18,1.562299,2.935993,
10282010_BP_M1abc_CMAc_tng006.nev,16,1.378839,2.948038,
10282010_BP_M1abc_CMAc_tng007.nev,16,1.206028,2.65115,
10282010_BP_M1abc_CMAc_tng008.nev,13,1.104253,2.723968,
10282010_BP_M1abc_CMAc_tng009.nev,16,1.354826,2.994592,
10282010_BP_S1abc_CMAa_tng001.nev,11,1.778454,3.730652,
10282010_BP_S1abc_CMAa_tng002.nev,16,1.36751,3.393737,
10282010_BP_S1abc_CMAa_tng003.nev,17,1.495621,3.317575,
10282010_BP_S1abc_CMAa_tng004.nev,17,1.507408,3.485991,
10282010_BP_S1abc_CMAa_tng005.nev,15,1.571763,3.628715,
10282010_BP_S1abc_CMAa_tng006.nev,14,1.445483,3.639983,
10282010_BP_S1abc_CMAa_tng007.nev,15,1.281133,3.410115,
10282010_BP_S1abc_CMAa_tng008.nev,17,1.625793,3.044907,
10282010_BP_S1abc_CMAa_tng009.nev,16,1.974812,3.324342,
10292010_BP_M1abc_CMAc_tng001.nev,16,1.263238,2.632114,
10292010_BP_M1abc_CMAc_tng002.nev,14,1.204951,2.609109,
10292010_BP_M1abc_CMAc_tng003.nev,13,0.993378,2.333321,
10292010_BP_M1abc_CMAc_tng004.nev,14,1.167824,2.508039,
10292010_BP_M1abc_CMAc_tng005.nev,11,1.112125,2.741153,
10292010_BP_M1abc_CMAc_tng006.nev,12,1.072307,2.622219,
10292010_BP_S1abc_CMAa_tng001.nev,13,2.704851,3.656068,
10292010_BP_S1abc_CMAa_tng002.nev,10,2.350734,4.187359,
10292010_BP_S1abc_CMAa_tng003.nev,10,2.092313,4.117758,
10292010_BP_S1abc_CMAa_tng004.nev,13,2.546474,3.739614,
10292010_BP_S1abc_CMAa_tng005.nev,11,2.123939,3.948072,
10292010_BP_S1abc_CMAa_tng006.nev,10,2.320767,4.211152,
110302_OnCRT_Target200001.nev,0, NaN, NaN,
110302_OnCRT_Target400.nev,0, NaN, NaN,
110302_OnCRT_Target800.nev,0, NaN, NaN,
110302_OnCRT_Target800_1kHz.nev,0, NaN, NaN,
12022010_BP_S1abc_CMAb_tng001.nev,3,0.497904,2.63266,
121112_PMd001.nev,83,2.526526,2.630756,
170606001.nev,0, NaN, NaN,
170606002.nev,0, NaN, NaN,
170622001.nev,0, NaN, NaN,
170626001.nev,0, NaN, NaN,
171012kin001.nev,0, NaN, NaN,
171013BrKin001.nev,0, NaN, NaN,
171013BrN001.nev,0, NaN, NaN,
171019mid001.nev,123,3.599833,3.638251,
171019top001.nev,80,3.48964,3.755299,
171020mid001.nev,0, NaN, NaN,
171020top001.nev,0, NaN, NaN,
171024top001.nev,0,1.125842, NaN,
171026mid001.nev,125,3.647516,3.70338,
171026top001.nev,102,2.075161,2.2094,
171027mid001.nev,0, NaN, NaN,
171027mid001.nev,0, NaN, NaN,
171027top001.nev,0, NaN, NaN,
171027top001.nev,0, NaN, NaN,
171107mid001.nev,41,1.730319,2.730728,
171107mid001.nev,41,1.730319,2.730728,
171107top001.nev,45,2.439248,4.078239,
171107top001.nev,45,2.439248,4.078239,
171108mid001.nev,83,2.996647,3.462555,
171108mid001.nev,83,2.996647,3.462555,
171108top001.nev,81,2.024103,2.437402,
171108top001.nev,81,2.024103,2.437402,
171117001.nev,0, NaN, NaN,
171117001.nev,0, NaN, NaN,
171117002.nev,0, NaN, NaN,
171117002.nev,0, NaN, NaN,
171118001.nev,0, NaN, NaN,
171118001.nev,0, NaN, NaN,
171118002.nev,0, NaN, NaN,
171118002.nev,0, NaN, NaN,
171121mid001.nev,0, NaN, NaN,
171121mid001.nev,0, NaN, NaN,
171121top001.nev,0, NaN, NaN,
171121top001.nev,0, NaN, NaN,
171122mid001.nev,0, NaN, NaN,
171122mid001.nev,0, NaN, NaN,
171122top001.nev,0, NaN, NaN,
171122top001.nev,0, NaN, NaN,
171124mid001.nev,0, NaN, NaN,
171124mid001.nev,0, NaN, NaN,
171124top001.nev,0, NaN, NaN,
171124top001.nev,0, NaN, NaN,
171127mid001.nev,0, NaN, NaN,
171127mid001.nev,0, NaN, NaN,
171127top001.nev,0, NaN, NaN,
171127top001.nev,0, NaN, NaN,
171128mid001.nev,0, NaN, NaN,
171128mid001.nev,0, NaN, NaN,
171128top001.nev,0, NaN, NaN,
171128top001.nev,0, NaN, NaN,
171129mid001.nev,0, NaN, NaN,
171129mid001.nev,0, NaN, NaN,
171129top001.nev,99,2.64265,2.975446,
171129top001.nev,99,2.64265,2.975446,
171130mid001.nev,123,2.880628,2.944394,
171130mid001.nev,123,2.880628,2.944394,
171130top001.nev,0, NaN, NaN,
171130top001.nev,0, NaN, NaN,
171201mid001.nev,0, NaN, NaN,
171201mid001.nev,0, NaN, NaN,
171201mid002.nev,0, NaN, NaN,
171201mid002.nev,0, NaN, NaN,
171201top001.nev,0, NaN, NaN,
171201top001.nev,0, NaN, NaN,
171201top002.nev,0, NaN, NaN,
171201top002.nev,0, NaN, NaN,
171205mid001.nev,0, NaN, NaN,
171205mid001.nev,0, NaN, NaN,
171205top001.nev,0, NaN, NaN,
171205top001.nev,0, NaN, NaN,
171206mid001.nev,0, NaN, NaN,
171206mid001.nev,0, NaN, NaN,
171206top001.nev,24,3.321905,3.321905,
171206top001.nev,24,3.321905,3.321905,
171208mid001.nev,0, NaN, NaN,
171208mid001.nev,0, NaN, NaN,
171208mid002.nev,0, NaN, NaN,
171208mid002.nev,0, NaN, NaN,
171208mid003.nev,0, NaN, NaN,
171208mid003.nev,0, NaN, NaN,
171208top001.nev,0, NaN, NaN,
171208top001.nev,0, NaN, NaN,
171208top002.nev,0, NaN, NaN,
171208top002.nev,0, NaN, NaN,
171208top003.nev,0, NaN, NaN,
171208top003.nev,0, NaN, NaN,
171211Mid001.nev,60,3.980314,4.159968,
171211Mid001.nev,60,3.980314,4.159968,
171211Mid002.nev,57,3.564219,3.859293,
171211Mid002.nev,57,3.564219,3.859293,
171211Mid003.nev,56,3.308666,3.614451,
171211Mid003.nev,56,3.308666,3.614451,
171211Top001.nev,0, NaN, NaN,
171211Top001.nev,0, NaN, NaN,
171211Top002.nev,0, NaN, NaN,
171211Top002.nev,0, NaN, NaN,
171211Top003.nev,0, NaN, NaN,
171211Top003.nev,0, NaN, NaN,
171219mid001.nev,0, NaN, NaN,
171219mid001.nev,0, NaN, NaN,
171219top001.nev,0, NaN, NaN,
171219top001.nev,0, NaN, NaN,
171221mid001_first_30min_Sorted.nev,124,2.468671,2.486042,
171221mid001_first_30min_Sorted.nev,124,2.468671,2.486042,
180104mid001.nev,0, NaN, NaN,
180104mid001.nev,0, NaN, NaN,
180104top001.nev,0, NaN, NaN,
180104top001.nev,0, NaN, NaN,
180105mid001.nev,0, NaN, NaN,
180105mid001.nev,0, NaN, NaN,
180105mid002.nev,0, NaN, NaN,
180105mid002.nev,0, NaN, NaN,
180105top001.nev,0, NaN, NaN,
180105top001.nev,0, NaN, NaN,
180105top002.nev,0, NaN, NaN,
180105top002.nev,0, NaN, NaN,
180110mid001.nev,0, NaN, NaN,
180110mid001.nev,0, NaN, NaN,
180110mid002.nev,0, NaN, NaN,
180110mid002.nev,0, NaN, NaN,
180110top001.nev,0, NaN, NaN,
180110top001.nev,0, NaN, NaN,
180110top002.nev,0, NaN, NaN,
180110top002.nev,0, NaN, NaN,
180126mid002.nev,0, NaN, NaN,
180126mid002.nev,0, NaN, NaN,
180126top002.nev,0, NaN, NaN,
180126top002.nev,0, NaN, NaN,
180131mid001.nev,0, NaN, NaN,
180131mid001.nev,0, NaN, NaN,
180131top001.nev,0, NaN, NaN,
180131top001.nev,0, NaN, NaN,
180201mid.nev,0, NaN, NaN,
180201mid.nev,0, NaN, NaN,
180201top001.nev,0, NaN, NaN,
180201top001.nev,0, NaN, NaN,
180227mid001.nev,85,3.149248,4.159477,
180227mid001.nev,85,3.149248,4.159477,
180227top001.nev,0, NaN, NaN,
180227top001.nev,0, NaN, NaN,
180302mid001.nev,0, NaN, NaN,
180302mid001.nev,0, NaN, NaN,
180302top001.nev,0, NaN, NaN,
180302top001.nev,0, NaN, NaN,
180309mid002.nev,83,2.745052,3.629051,
180309mid002.nev,83,2.745052,3.629051,
180309top002.nev,0, NaN, NaN,
180309top002.nev,0, NaN, NaN,
180319M1BrSpikes.nev,111,2.343643,2.527409,
180319M1BrSpikes.nev,111,2.343643,2.527409,
180319PMBrSpikes.nev,72,2.013236,2.522654,
180319PMBrSpikes.nev,72,2.013236,2.522654,
180328mid001.nev,0, NaN, NaN,
180328mid001.nev,0, NaN, NaN,
180328top001.nev,0, NaN, NaN,
180328top001.nev,0, NaN, NaN,
180330mid004.nev,0, NaN, NaN,
180330mid004.nev,0, NaN, NaN,
180330mid005.nev,0, NaN, NaN,
180330mid005.nev,0, NaN, NaN,
180330top004.nev,0, NaN, NaN,
180330top004.nev,0, NaN, NaN,
180330top005.nev,0, NaN, NaN,
180330top005.nev,0, NaN, NaN,
180405M1Br.nev,0, NaN, NaN,
180405M1Br.nev,0, NaN, NaN,
180412M1Bx.nev,0, NaN, NaN,
180412M1Bx.nev,0, NaN, NaN,
180412PMBx.nev,0, NaN, NaN,
180412PMBx.nev,0, NaN, NaN,
180413mid001.nev,0, NaN, NaN,
180413mid001.nev,0, NaN, NaN,
180413top001.nev,0, NaN, NaN,
180413top001.nev,0, NaN, NaN,
180418aM1Bx.nev,0, NaN, NaN,
180418aM1Bx.nev,0, NaN, NaN,
180418aPMBx.nev,0, NaN, NaN,
180418aPMBx.nev,0, NaN, NaN,
180418bM1Bx.nev,0, NaN, NaN,
180418bM1Bx.nev,0, NaN, NaN,
180418bPMBx.nev,0, NaN, NaN,
180418bPMBx.nev,0, NaN, NaN,
180424mid001.nev,0, NaN, NaN,
180424mid001.nev,0, NaN, NaN,
180424mid002.nev,0, NaN, NaN,
180424mid002.nev,0, NaN, NaN,
180424top001.nev,0, NaN, NaN,
180424top001.nev,0, NaN, NaN,
180424top002.nev,0, NaN, NaN,
180424top002.nev,0, NaN, NaN,
180425mid001.nev,0, NaN, NaN,
180425mid001.nev,0, NaN, NaN,
180425mid002.nev,0, NaN, NaN,
180425mid002.nev,0, NaN, NaN,
180425mid004.nev,0, NaN, NaN,
180425mid004.nev,0, NaN, NaN,
180425top001.nev,0, NaN, NaN,
180425top001.nev,0, NaN, NaN,
180425top002.nev,0, NaN, NaN,
180425top002.nev,0, NaN, NaN,
180425top004.nev,0, NaN, NaN,
180425top004.nev,0, NaN, NaN,
180427M1Bx002.nev,0, NaN, NaN,
180427M1Bx002.nev,0, NaN, NaN,
180427M1Bx003.nev,0, NaN, NaN,
180427M1Bx003.nev,0, NaN, NaN,
180427PMBx002.nev,0, NaN, NaN,
180427PMBx002.nev,0, NaN, NaN,
180427PMBx003.nev,0, NaN, NaN,
180427PMBx003.nev,0, NaN, NaN,
20120904-165659-001.nev,22,1.071051,2.296235,
20120904-165659-001.nev,22,1.071051,2.296235,
20120906-150339-001.nev,0, NaN, NaN,
20120906-150339-001.nev,0, NaN, NaN,
20120907-145613-001.nev,0, NaN, NaN,
20120907-145613-001.nev,0, NaN, NaN,
201602230001.nev,96,2.064737,2.064737,
20160418_MIl001.nev,39,1.864576,3.071379,
20160519M1L_abcd001.nev,61,1.831319,2.751361,
20160824001.nev,40,1.585234,2.615379,
814t3001.nev,28,1.901157,2.008475,
814test2001.nev,0, NaN, NaN,
818Test1001.nev,41,1.927906,1.99405,
818Test2002.nev,38,1.913027,1.995198,
818Test3003.nev,31,1.860525,1.978834,
a081231M1o001-sortedASD.nev,57,2.258995,2.690823,
a081231PmV001-sortedASD.nev,23,1.55837,2.636824,
a090102MIo001-sortedASD.nev,59,2.591599,3.047821,
a090102PMv001-sortedASD.nev,23,1.822899,2.719172,
Athena_03_22_08_MI.2008.03.22.18.52.32.nev,66,3.455165,3.485423,
Athena_04_24_08_PMV.2008.04.24.15.48.58001.nev,29,2.495162,2.495162,
Athena_04_24_08_PMV.2008.04.24.15.52.16.nev,32,2.552139,2.552139,
Athena_04_24_08_PMV.2008.04.24.15.56.49.nev,26,1.301068,2.175078,
Athena_04_28_08_PMV.2008.04.29.09.03.35001.nev,19,1.194676,1.932477,
Athena_04_28_08_PMV.2008.05.01.09.35.14001.nev,39,1.599799,2.288294,
Athena_04_28_08_PMV.2008.05.01.10.30.53002.nev,37,1.932269,2.15339,
Athena_04_28_08_PMV.2008.05.08.09.32.20001.nev,38,2.396715,2.435193,
Athena_04_28_08_PMV.2008.05.08.09.34.34002.nev,32,1.493698,2.097012,
Athena_04_28_08_PMV.2008.05.08.10.33.14003.nev,26,1.328908,2.081175,
Athena_04_28_08_PMV.2008.05.08.11.52.15004.nev,14,1.037654,1.852462,
Athena_04_28_08_PMV.2008.05.08.11.57.14005.nev,17,1.125105,1.980494,
Athena_3_22_08_MI.2008.03.22.16.34.02.nev,65,3.085927,3.239279,
Athena_5_12_2008_PMv.2008.05.12.14.10.43.nev,31,1.25659,2.093044,
Athena_5_16_2008_PMv.2008.05.16.08.01.44.nev,20,0.903442,1.970811,
Athena_5_16_2008_PMv.2008.05.16.08.01.44.nev,20,0.903442,1.970811,
Athena_5_16_2008_PMv.2008.05.16.08.01.44.nev,20,0.903442,1.970811,
Athena_5_18_2008_PMv.2008.05.18.10.10.29.nev,34,1.402383,2.221098,
Athena_5_18_2008_PMv.2008.05.18.10.10.29.nev,34,1.402383,2.221098,
Athena_5_18_2008_PMv.2008.05.18.10.10.29.nev,34,1.402383,2.221098,
Athena_5_19_2008_PMv.2008.05.19.16.20.50.nev,37,1.781026,2.451285,
Athena_MI_05_11_08-01.nev,45,1.681958,2.451626,
Athena_MI_PMV.2008.05.09.07.46.16.nev,0, NaN, NaN,
Athena_MI_PMV.2008.05.09.09.44.46.nev,42,1.649344,2.173401,
Athena_MI_PMV.2008.05.11.14.53.09.nev,19,0.892322,1.867789,
Athena_MI_PMV.2008.05.11.14.53.09.nev,19,0.892322,1.867789,
Athena_MI_PMV.2008.05.11.18.27.20.nev,20,1.466208,2.053396,
Athena_MI_PMV.2008.05.11.18.27.20.nev,20,1.466208,2.053396,
b080611_PMd_RTP001 (2).nev,0, NaN, NaN,
b080611_PMd_RTP001.nev,0, NaN, NaN,
b080612_PMd_RTP001.nev,0, NaN, NaN,
b080805_PMd_BRP001 (2).nev,76,3.17339,3.199273,
b080807_PMd_BRP001.nev,71,3.141046,3.141046,
b080812_M1_BRP001 (2).nev,40,2.289982,2.388627,
b080812_PMd_BRP001 (2).nev,68,3.288804,3.288804,
b080813_M1_BRP001 (2).nev,39,2.311182,2.406631,
b1030131.nev,0, NaN, NaN,
b1030203_PMd.nev,0, NaN, NaN,
b1030204_PMd.nev,0, NaN, NaN,
b1030205_M1.nev,0, NaN, NaN,
b1030206_PMd.nev,0, NaN, NaN,
b1030207_PMd.nev,0, NaN, NaN,
b1030208_11min.nev,0, NaN, NaN,
b1030210_M1.nev,0, NaN, NaN,
b1030210ext_M1.nev,0, NaN, NaN,
b1030211_M1.nev,0, NaN, NaN,
b1030212_PMd.nev,0, NaN, NaN,
b1030213.nev,0, NaN, NaN,
b1030214_M1.nev,0, NaN, NaN,
b1030217_PMd.nev,0, NaN, NaN,
b1030218_M1.nev,0, NaN, NaN,
b1030226.nev,0, NaN, NaN,
b1030227.nev,0, NaN, NaN,
b1030228_m1.nev,0, NaN, NaN,
b1030305.nev,0, NaN, NaN,
b1030312_M1.nev,0, NaN, NaN,
b1030312_PMd_sorted.nev,0, NaN, NaN,
b1030313_PMd.nev,0, NaN, NaN,
b1030314_MI_PMd.nev,0, NaN, NaN,
b1030315_M1 (2).nev,0, NaN, NaN,
b1030315_M1.nev,0, NaN, NaN,
b1030320_M1_PMd.nev,0, NaN, NaN,
b1030321_M1_PMd.nev,0, NaN, NaN,
b1030324_M1_PMd.nev,0, NaN, NaN,
b1030325_PMd.nev,0, NaN, NaN,
b1030326_PMd.nev,0, NaN, NaN,
b1030327_PMd.nev,0, NaN, NaN,
b1030328_PMd.nev,0, NaN, NaN,
b1030402_MI_PMd.nev,0, NaN, NaN,
b1030403_MI_PMd.nev,0, NaN, NaN,
B1030404_M1_PMd.nev,0, NaN, NaN,
b1030405_M1_PMd.nev,0, NaN, NaN,
b1030408_M1_PMd.nev,0, NaN, NaN,
b1030409_PMd.nev,0, NaN, NaN,
b1030410_M1_PMd.nev,0, NaN, NaN,
b1030411_M1_PMd.nev,0, NaN, NaN,
b1030414_M1_PMd.nev,0, NaN, NaN,
b1030415_M1_PMd.nev,0, NaN, NaN,
b1030416_M1_PMd.nev,0, NaN, NaN,
B1030419_M1_PMd.nev,0, NaN, NaN,
b1030422_M1_PMd.nev,0, NaN, NaN,
b1030423_M1_PMd.nev,0, NaN, NaN,
b1030424_M1_PMd.nev,0, NaN, NaN,
b1030425_M1_PMd.nev,0, NaN, NaN,
b1030426_M1_PMd.nev,0, NaN, NaN,
b1030430_M1.nev,0, NaN, NaN,
b1030505_PMd.nev,0, NaN, NaN,
b1030506_M1_PMd.nev,0, NaN, NaN,
b1030507_M1_PMd.nev,0, NaN, NaN,
b1030508_M1_PMd.nev,0, NaN, NaN,
b1030509_M1_PMd.nev,0, NaN, NaN,
b1030510_M1_PMd.nev,0, NaN, NaN,
b1030513_M1_PMd.nev,0, NaN, NaN,
b1030514_M1_PMd.nev,0, NaN, NaN,
b1030515_M1_PMd.nev,0, NaN, NaN,
b1030516_M1_PMd.nev,0, NaN, NaN,
b1030517_M1_PMd.nev,0, NaN, NaN,
b1030519_M1_PMd.nev,0, NaN, NaN,
b1030520_M1_PMd.nev,0, NaN, NaN,
b1030521_M1_PMd.nev,0, NaN, NaN,
b1030521_M1_PMd-01_6-12-06_DP.nev,0, NaN, NaN,
b1030521_M1_PMd-01_6-12-06_DP-01_DAWN.nev,0, NaN, NaN,
b1030522_M1_PMd.nev,0, NaN, NaN,
b1030523_M1_PMd.nev,0, NaN, NaN,
b1030528_M1.nev,0, NaN, NaN,
b1030529_PMd.nev,0, NaN, NaN,
b1030530_M1_PMd.nev,0, NaN, NaN,
B1030531_PMd.nev,0, NaN, NaN,
B1030602_PMd.nev,0, NaN, NaN,
B1030602_PMd_1.nev,0, NaN, NaN,
B1030610_M1_PMd.nev,0, NaN, NaN,
B1030611_M1_PMd.nev,0, NaN, NaN,
b1030612_M1_PMd.nev,0, NaN, NaN,
b1030612_M1_PMd-01_6-8-06_DP.nev,0, NaN, NaN,
b1030613_M1_PMd.nev,0, NaN, NaN,
B1030615_PMd_M1_night_1-SortedRedo.nev,0, NaN, NaN,
B1030615_PMd_M1_night_2-sortedReDo.nev,0, NaN, NaN,
B1030616_Day-Sorted.nev,0, NaN, NaN,
b1030616_M1_PMd.nev,0, NaN, NaN,
B1030616N_M1bc_PMdba-Sorted.nev,0, NaN, NaN,
B1030617_M1_PMd.nev,0, NaN, NaN,
B1030617_M1_PMd-Sorted-02.nev,0, NaN, NaN,
B1030617_PMdab_M1bc_night-Sorted-01.nev,0, NaN, NaN,
B1030618_M1_PMd.nev,0, NaN, NaN,
b1030619_M1_PMd.nev,0, NaN, NaN,
B1030620_PMd.nev,0, NaN, NaN,
B1030626_PMd.nev,0, NaN, NaN,
b1030628_PMd.nev,0, NaN, NaN,
B1030630_PMd.nev,0, NaN, NaN,
B1030701_PMd.nev,0, NaN, NaN,
B1030702_PMd.nev,0, NaN, NaN,
B1030703_PMd.nev,0, NaN, NaN,
B1030703_Stim_30microAmp.nev,0, NaN, NaN,
B1030703_Stim_90microAmp.nev,0, NaN, NaN,
B1030703_Stim_90microAmp_2.nev,0, NaN, NaN,
B1030704_PMd.nev,0, NaN, NaN,
B1030707_M1_Stim_A1_100microA.nev,0, NaN, NaN,
B1030707_M1_Stim_A1_50microA.nev,0, NaN, NaN,
B1030707_M1_Stim_B8_100microA.nev,0, NaN, NaN,
B1030707_M1_Stim_B8_50microA.nev,0, NaN, NaN,
B1030707_M1_Stim_C3_100microA.nev,0, NaN, NaN,
B1030707_M1_Stim_C3_50microA.nev,0, NaN, NaN,
B1030708_PMd.nev,0, NaN, NaN,
B1030708_Stim_A1_Neg.nev,0, NaN, NaN,
B1030708_Stim_B20_Neg.nev,0, NaN, NaN,
B1030708_Stim_B8_Neg.nev,0, NaN, NaN,
B1030708_Stim_C10_Neg.nev,0, NaN, NaN,
B1030708_Stim_C3_Neg.nev,0, NaN, NaN,
B1030709_PMd.nev,0, NaN, NaN,
B1030710_M1_PMd.nev,0, NaN, NaN,
B1030711_M1_&_PMd.nev,0, NaN, NaN,
B1030711_Stim_A11_12_100microA.nev,0, NaN, NaN,
B1030711_Stim_A11_12_10microA.nev,0, NaN, NaN,
B1030711_Stim_A11_12_10microA_ISI1s.nev,0, NaN, NaN,
B1030711_Stim_A11_12_50microA.nev,0, NaN, NaN,
B1030711_Stim_B7_8_100microA_ISI100ms.nev,0, NaN, NaN,
B1030711_Stim_B7_8_10microA_ISI1s.nev,0, NaN, NaN,
B1030711_Stim_B7_8_50microA_ISI100ms.nev,0, NaN, NaN,
b1030715_M1_PMd.nev,0, NaN, NaN,
B1030716_M1_PMd.nev,0, NaN, NaN,
B1030717_M1_PMd.nev,0, NaN, NaN,
B1030717_M1_PMd_2.nev,0, NaN, NaN,
B1030718_M1_PMd.nev,0, NaN, NaN,
B1030719_M1_PMd.nev,0, NaN, NaN,
B1030722_M1_PMd.nev,0, NaN, NaN,
B1030723_M1_PMd.nev,0, NaN, NaN,
B1030724_M1_PMd.nev,0, NaN, NaN,
B1030724_M1_PMd_stim_testing_seq_rand.nev,0, NaN, NaN,
B1030724_stim_PMd_C_10Hz_BP_A.nev,0, NaN, NaN,
B1030724_stim_PMd_C_10Hz_BP_B.nev,0, NaN, NaN,
B1030724_stim_PMd_C_10Hz_UP_A.nev,0, NaN, NaN,
B1030724_stim_PMd_C_10Hz_UP_B.nev,0, NaN, NaN,
B1030725_M1_PMd.nev,0, NaN, NaN,
B1030728_M1_PMd.nev,0, NaN, NaN,
b1030728_M1_PMd-01_6-15-06_DP.nev,0, NaN, NaN,
B1030728_stim_PMd_A_25_27.nev,0, NaN, NaN,
B1030728_stim_PMd_A_9_11.nev,0, NaN, NaN,
B1030730_M1_PMd.nev,0, NaN, NaN,
B1030802_M1_PMd.nev,0, NaN, NaN,
B1030802_M1_PMd_stim_PMdB_26_27.nev,0, NaN, NaN,
B1030802_M1_PMd_stim_PMdC_23_25.nev,0, NaN, NaN,
b1030808_M1_PMd.nev,0, NaN, NaN,
B1030809_M1ABC_PMdA.nev,0, NaN, NaN,
B1030809_M1ABC_PMdA_stim_PMdB_10microA_160micros.nev,0, NaN, NaN,
B1030809_M1ABC_PMdA_stim_PMdB_10microA_200micros.nev,0, NaN, NaN,
B1030809_M1ABC_PMdA_stim_PMdB_10microA_400micros.nev,0, NaN, NaN,
B1030809_M1ABC_PMdA_stim_PMdB_15microA_160micros.nev,0, NaN, NaN,
B1030809_M1ABC_PMdA_stim_PMdB_15microA_200micros.nev,0, NaN, NaN,
B1030809_M1ABC_PMdA_stim_PMdB_20microA_160micros.nev,0, NaN, NaN,
B1030809_M1ABC_PMdA_stim_PMdB_20microA_200micros.nev,0, NaN, NaN,
B1030809_M1ABC_PMdA_stim_PMdB_2microA_160micros.nev,0, NaN, NaN,
B1030809_M1ABC_PMdA_stim_PMdB_2microA_200micros.nev,0, NaN, NaN,
B1030809_M1ABC_PMdA_stim_PMdB_2microA_400micros.nev,0, NaN, NaN,
B1030809_M1ABC_PMdA_stim_PMdB_5microA_160micros.nev,0, NaN, NaN,
B1030809_M1ABC_PMdA_stim_PMdB_5microA_200micros.nev,0, NaN, NaN,
B1030809_M1ABC_PMdA_stim_PMdB_5microA_400micros.nev,0, NaN, NaN,
B1030811_M1_PMd.nev,0, NaN, NaN,
B1030814_M1_PMd.nev,0, NaN, NaN,
B1030815_M1_PMd.nev,0, NaN, NaN,
B1030818_M1_PMd.nev,0, NaN, NaN,
B1030819_M1_PMd.nev,0, NaN, NaN,
B1030820_M1_PMd.nev,0, NaN, NaN,
B1030821_M1_PMd.nev,0, NaN, NaN,
b1030822_M1_PMd.nev,0, NaN, NaN,
b1030825_M1_PMd.nev,0, NaN, NaN,
b1030826_M1_PMd.nev,0, NaN, NaN,
b1030827_M1_PMd.nev,0, NaN, NaN,
b1030828_PMd123.nev,0, NaN, NaN,
b1030829_PMd.nev,0, NaN, NaN,
b1030902_PMd.nev,0, NaN, NaN,
b1030903_PMd.nev,0, NaN, NaN,
b1030904_PMd.nev,0, NaN, NaN,
b1030905_PMd.nev,0, NaN, NaN,
b1030908_PMd.nev,0, NaN, NaN,
b1030909_M1_PMd.nev,0, NaN, NaN,
b1030910_PMd.nev,0, NaN, NaN,
b1030911_PMd.nev,0, NaN, NaN,
b1030911_PMd-01.nev,0, NaN, NaN,
b1030911_PMd-02.nev,0, NaN, NaN,
b1030916_M1c_PMDabc.nev,0, NaN, NaN,
b1030917_M1a_PMdabc.nev,0, NaN, NaN,
b1030918_M1c_PMdabc.nev,0, NaN, NaN,
b1030919_M1c_PMdabc.nev,0, NaN, NaN,
b1030920_M1_PMd.nev,0, NaN, NaN,
b1030922_M1c_PMdabc.nev,0, NaN, NaN,
b1030923_M1c_PMdabc.nev,0, NaN, NaN,
b1030924_M1.nev,0, NaN, NaN,
b1030925_PMd.nev,0, NaN, NaN,
b1030926_M1c_PMdbc.nev,0, NaN, NaN,
B1030927_PMd.nev,0, NaN, NaN,
b1030929_M1c_PMdab.nev,0, NaN, NaN,
b1030930_PMd.nev,0, NaN, NaN,
b1031001_PMd.nev,0, NaN, NaN,
b1031002_PMd.nev,0, NaN, NaN,
b1031003_PMd.nev,0, NaN, NaN,
B1031004_PMd.nev,0, NaN, NaN,
b1031006_PMd.nev,0, NaN, NaN,
b1031007_PMd.nev,0, NaN, NaN,
b1031008_PMd.nev,0, NaN, NaN,
b1031009_PMd.nev,0, NaN, NaN,
b1031010_PMd.nev,0, NaN, NaN,
b1031013_PMd (2).nev,0, NaN, NaN,
b1031013_PMd.nev,0, NaN, NaN,
b1031014_PMd.nev,0, NaN, NaN,
b1031015_PMd (2).nev,0, NaN, NaN,
b1031015_PMd.nev,0, NaN, NaN,
b1031016_PMd.nev,0, NaN, NaN,
b1031017_PMd.nev,0, NaN, NaN,
B1031018_PMd.nev,0, NaN, NaN,
b1031020_PMd.nev,0, NaN, NaN,
b1031021_PMd.nev,0, NaN, NaN,
b1031022_PMd.nev,0, NaN, NaN,
b1031023_PMd.nev,0, NaN, NaN,
b1031024_PMd.nev,0, NaN, NaN,
b1031027_PMd001.nev,0, NaN, NaN,
b1031028_PMd001.nev,0, NaN, NaN,
b1031029_PMd001.nev,0, NaN, NaN,
b1031029_PMd001-sorted.nev,0, NaN, NaN,
b1031030_PMd001.nev,0, NaN, NaN,
B1031031_PMd001.nev,0, NaN, NaN,
b1031103_PMd001.nev,0, NaN, NaN,
b1031104_PMd001001.nev,0, NaN, NaN,
b1031105_PMd001.nev,0, NaN, NaN,
b1031106_PMd001001.nev,0, NaN, NaN,
b1031110_PMd001.nev,0, NaN, NaN,
b1031111_PMd001.nev,0, NaN, NaN,
b1031111_PMd001_1.nev,0, NaN, NaN,
b1031111_PMd001_2.nev,0, NaN, NaN,
b1031112_PMd001.nev,0, NaN, NaN,
b1031113_PMd001.nev,0, NaN, NaN,
b1031114_PMd001.nev,0, NaN, NaN,
b1031114_PMd002.nev,0, NaN, NaN,
b1031117_PMd001.nev,0, NaN, NaN,
b1031124_M1bc_PMdab001.nev,0, NaN, NaN,
b1031124_M1bc_PMdab002.nev,0, NaN, NaN,
b1031125_PMdabc001.nev,0, NaN, NaN,
b1031126.nev,0, NaN, NaN,
b1031126001.nev,0, NaN, NaN,
b1031201_M1bc_PMdab.nev,0, NaN, NaN,
b1031202_M1bc_PMdab001.nev,0, NaN, NaN,
b1031203_M1bc_PMdab001.nev,0, NaN, NaN,
b1031208_M1bc_PMdab001.nev,0, NaN, NaN,
b1031209_M1bc_PMdab001.nev,0, NaN, NaN,
b1031210_M1bc_PMdab001.nev,0, NaN, NaN,
b1031211_M1bc_PMdab001.nev,0, NaN, NaN,
b1031212_M1bc_PMdab001.nev,0, NaN, NaN,
b1031215_M1bc_PMdab001001.nev,0, NaN, NaN,
b1031216_M1bc_PMdab001.nev,0, NaN, NaN,
b1031217_M1bc_PMdab001.nev,0, NaN, NaN,
b1031219_M1bc_PMd001.nev,0, NaN, NaN,
b1031222_M1bc_PMdab001.nev,0, NaN, NaN,
b1031223_M1bc_PMdab001.nev,0, NaN, NaN,
b1031224_M1bc_PMdab001001.nev,0, NaN, NaN,
b1031229_M1bc_PMdab001.nev,0, NaN, NaN,
b1031230_M1bc_PMd001.nev,0, NaN, NaN,
b1031231_M1bc_PMdab001.nev,0, NaN, NaN,
b1040105_M1bc_PMdab001.nev,0, NaN, NaN,
b1040106_M1bc_PMdab001.nev,0, NaN, NaN,
b1040107_M1bc_PMdab001.nev,0, NaN, NaN,
b1040108_M1bc_PMdab.nev,0, NaN, NaN,
b1040108_M1bc_PMdab001 (2).nev,0, NaN, NaN,
b1040108_M1bc_PMdab001.nev,0, NaN, NaN,
b1040108_M1bc_PMdab003.nev,0, NaN, NaN,
b1040108_M1bc_PMdab004.nev,0, NaN, NaN,
b1040109_M1bc_PMdab001.nev,0, NaN, NaN,
b1040112_M1c_PMdabc001.nev,0, NaN, NaN,
b1040113_M1c_PMdabc001.nev,0, NaN, NaN,
b1040114_M1c_PMdabc001.nev,0, NaN, NaN,
b1040115_M1c_PMdabc001.nev,0, NaN, NaN,
b1040116_M1c_PMdabc001.nev,0, NaN, NaN,
b1040116_M1c_PMdabc002.nev,0, NaN, NaN,
b1040119_M1c_PMdabc001.nev,0, NaN, NaN,
b1040120_M1c_PMdabc001.nev,0, NaN, NaN,
b1040121_M1c_PMdabc001.nev,0, NaN, NaN,
b1040122_M1c_PMdabc001.nev,0, NaN, NaN,
b1040123_M1c_PMdabc001.nev,0, NaN, NaN,
b1040126_PMdabc002.nev,0, NaN, NaN,
b1040127.nev,0, NaN, NaN,
b1040127_10Hz_40microA_100microS.nev,0, NaN, NaN,
b1040128_PMdabc001.nev,0, NaN, NaN,
b1040129_PMdabc001.nev,0, NaN, NaN,
b1040130_M1c_PMdabc001.nev,0, NaN, NaN,
b1040202_M1c_PMdabc001.nev,0, NaN, NaN,
b1040203_M1c_PMdabc.nev,0, NaN, NaN,
b1040204_M1c_PMdabc000.nev,0, NaN, NaN,
b1040205_M1c_PMdabc001.nev,0, NaN, NaN,
b1040206_M1c_PMdabc001.nev,0, NaN, NaN,
b1040210_M1c_PMdabc001.nev,0, NaN, NaN,
b1040211_M1c_PMdabc001.nev,0, NaN, NaN,
b1040212_M1c_PMdabc001.nev,0, NaN, NaN,
b1040213_M1c_PMdabc001.nev,0, NaN, NaN,
b1040216_M1c_PMdabc004.nev,0, NaN, NaN,
b1040217_M1c_PMdabc001.nev,0, NaN, NaN,
b1040217_M1c_PMdabc002.nev,0, NaN, NaN,
b1040218_M1c_PMdabc001.nev,0, NaN, NaN,
b1040218_M1c_PMdabc002.nev,0, NaN, NaN,
b1040219_M1c_PMdabc001.nev,0, NaN, NaN,
b1040219_M1c_PMdabc002.nev,0, NaN, NaN,
b1040219_M1c_PMdabc003.nev,0, NaN, NaN,
b1040302_M1c_PMdabc001-01_sorted_DP.nev,0, NaN, NaN ,
b1040302_M1c_PMdabc001-01_sorted_DP.nev,49,3.968984,3.408011,
b1040302_M1c_PMdabc001-sorted.nev,0, NaN, NaN ,
b1040302_M1c_PMdabc001-sorted.nev,49,3.968984,3.408011,
b1040727_PMd (2).nev,27,3.978001,3.978001,
b1040727_PMd.nev,27,3.978001,3.978001,
b1040915_PMd.nev,0, NaN, NaN,
b1040916_PMd.nev,0, NaN, NaN,
b1050110_PMd002.nev,0, NaN, NaN,
b1050210_PMd001.nev,0, NaN, NaN,
b1050224_PMd.nev,0, NaN, NaN,
b1050411_PMd001.nev,0, NaN, NaN,
b1050511_PMd (2).nev,18,1.551916,2.934141,
b1050511_PMd.nev,18,1.551916,2.934141,
b1050628_RTD.nev,0, NaN, NaN,
b1050727_RTD.nev,0, NaN, NaN,
B1050906_RTD (2).nev,26,4.127582,4.127582,
B1050906_RTD.nev,26,4.127582,4.127582,
b2030131_PMd.nev,0, NaN, NaN,
b2030203_M1.nev,0, NaN, NaN,
b2030204_M1.nev,0, NaN, NaN,
b2030205_PMd.nev,0, NaN, NaN,
b2030206_M1.nev,0, NaN, NaN,
b2030208_M1.nev,0, NaN, NaN,
b2030208ext_M1.nev,0, NaN, NaN,
b2030312_PMd.nev,0, NaN, NaN,
b2030402_MI_PMd.nev,0, NaN, NaN,
b2030424_M1_PMd.nev,0, NaN, NaN,
b2030425_M1_PMd.nev,0, NaN, NaN,
B2030724_M1_PMd.nev,0, NaN, NaN,
B2030820_M1_PMd.nev,0, NaN, NaN,
b2030924_M1.nev,0, NaN, NaN,
b2030926_M1c_PMdbc.nev,0, NaN, NaN,
b2030929_M1c_PMdab.nev,0, NaN, NaN,
B3030820_M1_PMd.nev,0, NaN, NaN,
boo030222.nev,0, NaN, NaN,
Bx171121M1.nev,0, NaN, NaN,
Bx171128PM.nev,0, NaN, NaN,
Bx171130PM.nev,0, NaN, NaN,
Bx171201aPM.nev,0, NaN, NaN,
Bx171215M1.nev,0, NaN, NaN,
Bx171220PM.nev,0, NaN, NaN,
Bx180112PM.nev,0, NaN, NaN,
Bx180122PM.nev,0, NaN, NaN,
Bx180126PM.nev,0, NaN, NaN,
Bx180130M1.nev,0, NaN, NaN,
Bx180130PM.nev,0, NaN, NaN,
Bx180308M1 001.nev,0, NaN, NaN,
Bx180308M1 002.nev,0, NaN, NaN,
Bx180308PM 001.nev,0, NaN, NaN,
Bx180308PM 002.nev,0, NaN, NaN,
Bx180724PM_004.nev,0, NaN, NaN,
Bx181010bPM.nev,0, NaN, NaN,
Bx190201M1001_center-out.nev,0, NaN, NaN,
Bx190201M1003_center-out.nev,0, NaN, NaN,
Bx190215M1002.nev,0, NaN, NaN,
Bx190215PM003.nev,0, NaN, NaN,
c090508_MI_ElbowAngle.nev,35,3.559484,3.627131,
c090616_MI_ElbowAngle001 (2).nev,20,2.205215,2.670646,
c090925_PMd_Grid001 (2).nev,62,2.645022,2.867624,
c905007_PMd_ElbowAngle001 (2).nev,80,2.918786,2.937383,
c905007_PMd_ElbowAngle002 (2).nev,66,2.101835,2.401997,
Copy of mk110914_M1m_SweepDelay001.nev,50,1.864156,2.213366,
Copy of V1050916_M1Ab_PMvAc-sorted.nev,56,3.16255,3.376883,
Copy of V1050916_M1Ab_PMvAc-sorted.nev,56,2.967986,3.184325,
datafile001 (2).nev,15,1.893755,2.306329,
K020213_M1ipsi001.nev,0, NaN, NaN,
K040213_M1ipsi001.nev,0, NaN, NaN,
K060213_M1ipsi001.nev,0, NaN, NaN,
K080213_M1ipsi001.nev,0, NaN, NaN,
K120814_M1c001.nev,0, NaN, NaN,
K120814_M1c001.nev,0, NaN, NaN,
K160313_M1ipsi001.nev,0, NaN, NaN,
K200213_M1ipsi001.nev,0, NaN, NaN,
k20120814_M1c001.nev,0, NaN, NaN,
k20130202_M1ipsi001.nev,0, NaN, NaN,
k20130204_M1ipsi001.nev,0, NaN, NaN,
k20130206_M1ipsi001.nev,0, NaN, NaN,
k20130208_M1ipsi001.nev,0, NaN, NaN,
k20130220_M1ipsi001.nev,0, NaN, NaN,
k20130726_M1ipsi001.nev,0, NaN, NaN,
K260713_M1ipsi001.nev,0, NaN, NaN,
l110609-EEG001.nev,0, NaN, NaN,
l110610-EEG001001.nev,0, NaN, NaN,
l110613-EEG001.nev,0, NaN, NaN,
L20100111PMv-KT.nev,54,2.218973,2.259867,
L20100111PMv-KT-02.nev,54,2.229284,2.273804,
L20100111PMv-KT-02.nev,54,2.218973,2.259867,
L20100111PMv-KT-02.nev,54,2.229284,2.273804,
L20110802 PMd001.nev,22,3.488441,3.832658,
L20110804 PMd002001.nev,25,4.421741,4.705502,
l20111229_MI_benzo001.ccf001.nev,48,2.15639,3.149563,
l20111229_PMv_benzo001.ccf001.nev,65,2.657546,2.947865,
L20130111M1002-KT.nev,38,2.467051,3.232729,
L20130111PMd002-KT.nev,71,1.923611,2.03732,
L20130111PMd002-KT.nev,72,1.930729,2.029901,
L20130111PMd002-KT.nev,71,1.923611,2.03732,
L20130807PMv.001.nev,5,1.3186,2.522304,
L20130807PMv.002.nev,6,1.040405,1.649092,
L20130819PMv.001.nev,53,2.517072,2.644132,
L20130822MI.001.nev,86,2.066062,2.152036,
L2015-10-09MIl_abcd001.nev,120,2.279114,2.328873,
L20160217_M1L 001.nev,81,2.007404,2.493093,
L20160815M1L_abcd 001.nev,45,1.526298,2.415728,
M1L_abcd001.nev,0, NaN, NaN,
M1L_EMGN001.nev,0, NaN, NaN,
mk061023_M1M001-01_sorted_DP.nev,36,1.784066,2.074627,
mk061121_M1L_Obs001 (2).nev,44,2.523512,2.771826,
mk061121_M1L_Obs001.nev,44,2.523512,2.771826,
mk061121_M1L_Obs001.nev,44,2.523512,2.771826,
mk061121_M1m_Obs001 (2).nev,61,2.359549,2.502917,
mk061121_M1m_Obs001.nev,61,2.359549,2.502917,
mk061121_M1m_Obs001.nev,61,2.359549,2.502917,
mk061121_M1m_Obs002 (2).nev,58,2.430408,2.692676,
mk061121_M1m_Obs002.nev,58,2.430408,2.692676,
mk061121_M1m_Obs002.nev,65,3.143645,3.293798,
mk061221_M1m_OBS_Eye001-sortedJR.nev,61,2.576287,2.820342,
mk061221_PMd_Obs_Eye001-sortedJR.nev,21,1.89578,2.387433,
mk070219_Obs_M1L001 (2).nev,49,3.409043,3.449475,
mk070219_Obs_M1L001.nev,49,3.409043,3.449475,
MK070514_srtd-01.nev,40,2.836561,2.875605,
mk080111_M1m001 (2).nev,37,2.2149,2.556594,
mk080128_M1mav_M1lab001 (2).nev,25,2.315138,2.60771,
mk080130_M1mac_M1lac_BRP001 (2).nev,23,2.165088,2.636577,
mk080220_M1m_BRP001 (2).nev,24,1.881671,2.486986,
mk080221_M1m_BRP001 (2).nev,31,2.324226,2.651977,
mk080222_M1m_BRP001 (2).nev,33,2.328938,2.579442,
mk080225_M1m_BRP001 (2).nev,31,2.540782,2.80978,
mk080225_M1m_BRP002 (2).nev,32,2.420733,2.628853,
mk080228_M1m_BRP001 (2).nev,33,2.454398,2.686175,
mk080730_M1m_NN_PLBK002-01.nev,29,2.09076,2.476078,
mk081009_M1m_VRADPT-ASsorted.nev,46,1.981848,2.24122,
mk090528_M1m_BRPEYE001 (2).nev,36,2.38227,2.59114,
mk090612_M1m_BTX_BRP002 (2).nev,33,2.361423,2.646621,
mk090612_M1m_BTX_COEL001 (2).nev,28,2.022665,2.403953,
mk090616_M1m_BTX_COEL001 (2).nev,31,2.089375,2.661647,
mk101206_M1m_Perturb.nev,0, NaN, NaN,
mk101215_M1m_TRQDEC001 (2).nev,18,1.349419,2.141687,
N050217_M1001.nev,0, NaN, NaN,
N050414_M1001.nev,0, NaN, NaN,
N050714_PMv001.nev,0, NaN, NaN,
N050720_PMv002 (2).nev,10,2.98665,3.472491,
N050720_PMv002.nev,10,2.98665,3.472491,
N050725_PMv001 (2).nev,3,0.619253,1.875573,
N050725_PMv001.nev,5,0.668156,1.795677,
N050725_PMv002 (2).nev,0, NaN, NaN,
N050725_PMv002.nev,0,0.246213, NaN,
N052306_PMv001 (2).nev,0, NaN, NaN,
N052306_PMv001.nev,0, NaN, NaN,
N060120_test_M1003.nev,0, NaN, NaN,
N060120_test_M1004.nev,0, NaN, NaN,
n1041208_M1all_PMdc.nev,0, NaN, NaN,
n1041208_M1all_PMdc001.nev,0, NaN, NaN,
n1041208_M1all_PMdc002.nev,0, NaN, NaN,
n1041208_M1all_PMdc003.nev,0, NaN, NaN,
n1041208_M1all_PMdc004.nev,0, NaN, NaN,
n1041208_M1all_PMdc005.nev,0, NaN, NaN,
n1041220_M1allPMdb001-01_sorted_DP.nev,28,1.437853,1.845078,96
n1041220_M1allPMdb001-01_sorted_DP.nev,3,1.047927,1.49352,32
n1041222_M1all001.nev,0, NaN, NaN,
n1050107_M1 (2).nev,20,1.417572,1.935961,
n1050107_M1.nev,20,1.417572,1.935961,
N1050210_M1001.nev,0, NaN, NaN,
n1050223_PMd001 (2).nev,0, NaN, NaN,
n1050223_PMd001.nev,0, NaN, NaN,
n1050304_M1001.nev,0, NaN, NaN,
N1050331_M1001.nev,0, NaN, NaN,
n1050413_PMv001-01_DP.nev,31,2.925745,3.280082,
N140801_M1contra.nev,0, NaN, NaN,
N140809_M1.nev,0, NaN, NaN,
N140911_M!.nev,72,3.678728,3.775942,
noiseTest5-21.nev,45,5.233378,5.607023,
Obstacle_Athena_5_22_2008_PMv.2008.05.22.12.15.37001.nev,41,1.720427,2.253226,
Obstacle_Oreo_05_16_08_MI.2008.05.16.13.23.13.nev,52,1.706485,2.169721,
Obstacle_Oreo_05_16_08_MI.2008.05.16.13.42.39.nev,42,1.488531,2.065324,
Obstacle_Oreo_05_18_08_MI.2008.05.18.14.28.32.nev,65,2.325073,2.719268,
Obstacle_Oreo_05_19_08_MI.2008.05.19.09.19.31.nev,68,2.081599,2.334947,
Obstacle_Oreo_05_22_08_MI.2008.05.22.08.59.04.nev,64,1.877164,2.163207,
Obstacle_Oreo_05_22_08_MI.2008.05.22.09.07.50.nev,51,1.775307,2.412928,
Obstacle_Oreo_05_23_08_MI.2008.05.23.08.57.25.nev,89,2.036506,2.081191,
Obstacle_Oreo_05_23_08_MI.2008.05.23.10.23.16.nev,76,2.172636,2.337852,
Obstacle_Oreo_05_26_08_MI.2008.05.26.12.58.36001.nev,43,1.827928,2.635969,
Obstacle_Oreo_05_27_08_MI.2008.05.27.07.49.41.nev,64,1.913639,2.33544,
Obstacle_Oreo_05_30_08_MI.2008.05.30.07.21.54.nev,52,1.685668,2.305599,
Obstacle_Oreo_05_30_08_MI.2008.05.30.13.05.56.nev,66,1.953899,2.345209,
Obstacle_Oreo_05_30_08_MI.2008.05.30.13.10.31.nev,65,1.920001,2.261976,
Obstacle_Oreo_06_01_08_2_MI.2008.06.01.13.47.22002.nev,72,2.484047,2.726738,
Obstacle_Oreo_06_01_08_MI.2008.06.01.10.12.21.nev,54,1.877971,2.276155,
Obstacle_Oreo_06_02_08_MI.2008.06.02.16.22.53.nev,64,2.20964,2.571833,
Obstacle_Oreo_06_02_08_MI.2008.06.02.16.27.13.nev,54,1.822985,2.433311,
Obstacle_Oreo_06_04_08_MI.2008.06.04.09.27.37001.nev,64,2.020554,2.408591,
Oreo.2008.03.22.11.40.29.nev,74,2.27021,2.51015,
Oreo_03_22_08_MI.2008.03.22.12.01.17.nev,58,3.065122,3.369024,
Oreo_03_22_08_MI.2008.03.22.12.01.36.nev,79,2.329717,2.617635,
Oreo_03_22_08_MI.2008.04.23.17.04.15001.nev,0, NaN, NaN,
Oreo_03_22_08_MI.2008.04.23.17.07.52001.nev,0, NaN, NaN,
Oreo_04_24_08_PMV.2008.04.24.08.58.37001.nev,58,1.876725,2.179518,
Oreo_04_24_08_PMV_02.2008.04.24.09.27.02.nev,58,1.831064,2.085934,
Oreo_04_24_08_PMV_03.2008.04.24.09.56.56.nev,61,1.799394,2.066295,
Oreo_04_28_08_PMV_02.2008.04.28.09.08.25.nev,65,2.412304,2.678476,
Oreo_04_29_08_PMV_MI.2008.04.29.15.46.22001.nev,58,1.993367,2.356037,
Oreo_04_29_08_PMV_MI.2008.04.30.09.29.11001.nev,58,2.103173,2.422484,
Oreo_05_02_08_PMV_MI.2008.05.02.08.38.24.nev,0, NaN, NaN,
Oreo_05_02_08_PMV_MI.2008.05.02.09.36.56.nev,73,2.302101,2.58959,
Oreo_05_06_08_PMV_MI.2008.05.06.08.52.16.nev,55,2.160815,2.693331,
Oreo_05_06_08_PMV_MI.2008.05.06.09.51.05.nev,47,3.508657,3.55197,
Oreo_05_07_08_PMv.2008.05.07.08.42.45.nev,81,2.346102,2.553895,
Oreo_05_08_08_MI.2008.05.08.14.12.07.nev,80,2.388805,2.556584,
Oreo_05_13_08_MI.2008.05.13.08.29.18.nev,65,2.261259,2.658086,
r01050216_PMd001 (2).nev,23,2.872864,3.250646,
r01050216_PMd001.nev,23,2.872864,3.250646,
r01050218_PMd001 (2).nev,13,3.527958,3.754396,
r01050218_PMd001.nev,13,3.527958,3.754396,
r01050218_PMd002 (2).nev,17,1.998989,2.99219,
r01050218_PMd002.nev,17,1.998989,2.99219,
r01050223_PMd001 (2).nev,20,3.017056,3.457917,
r01050223_PMd001.nev,20,3.017056,3.457917,
r01050307_PMd001 (2).nev,10,1.337163,3.026924,
r01050307_PMd001.nev,10,1.337163,3.026924,
r01050308_PMd001 (2).nev,15,2.708115,3.707053,
r01050308_PMd001.nev,15,2.708115,3.707053,
r01050308_PMd002 (2).nev,17,3.619735,3.770054,
r01050308_PMd002.nev,17,3.619735,3.770054,
r01050509_PMd001.nev,0, NaN, NaN,
r01050509_PMd002.nev,0, NaN, NaN,
r01050509_PMd003.nev,0, NaN, NaN,
r01050509_PMd006.nev,0, NaN, NaN,
r01050509_PMd007.nev,0, NaN, NaN,
r01050520_RTD (2).nev,8,2.734112,2.923106,
r01050520_RTD.nev,8,2.734112,2.923106,
r01050623_RTD001 (2).nev,7,1.644134,4.264558,
r01050623_RTD001.nev,7,1.644134,4.264558,
r01050825_PMv.nev,0, NaN, NaN,
R030625_M1ab_PMdab.nev,0, NaN, NaN,
r1030610_M1.nev,0, NaN, NaN,
r1030610_PMd.nev,0, NaN, NaN,
r1030612_M1.nev,0, NaN, NaN,
r1030612_PMd.nev,0, NaN, NaN,
r1030613_M1.nev,0, NaN, NaN,
r1030613_PMd.nev,0, NaN, NaN,
r1030614_M1.nev,0, NaN, NaN,
r1030614_PMd.nev,0, NaN, NaN,
r1030616_PMd_M1.nev,0, NaN, NaN,
R1030617_NoSpikesPMdc_M1abc.nev,0, NaN, NaN,
R1030618_PMd.nev,0, NaN, NaN,
R1030619_M1.nev,0, NaN, NaN,
R1030619_PMd.nev,0, NaN, NaN,
R1030620_PMd.nev,0, NaN, NaN,
R1030621.nev,0, NaN, NaN,
r1030624_MI.nev,0, NaN, NaN,
R1030626_PMd_M1.nev,0, NaN, NaN,
R1030627_PMd.nev,0, NaN, NaN,
R1030630_PMd.nev,0, NaN, NaN,
R1030702_PMd.nev,0, NaN, NaN,
R1030703_PMd.nev,0, NaN, NaN,
R1030704_PMd.nev,0, NaN, NaN,
R1030705_PMd.nev,0, NaN, NaN,
R1030707_PMd.nev,0, NaN, NaN,
R1030708_M1.nev,0, NaN, NaN,
R1030708_PMd.nev,0, NaN, NaN,
R1030709_PMd.nev,0, NaN, NaN,
R1030710_PMd.nev,0, NaN, NaN,
R1030711_PMd.nev,0, NaN, NaN,
R1030714_PMd.nev,0, NaN, NaN,
R1030718_PMd.nev,0, NaN, NaN,
R1030719_PMd.nev,0, NaN, NaN,
R1030721_PMd.nev,0, NaN, NaN,
R1030722_PMd.nev,0, NaN, NaN,
R1030816_PMd.nev,0, NaN, NaN,
r1030817.nev,0, NaN, NaN,
R1030822_PMd.nev,0, NaN, NaN,
R1030825_PMd.nev,0, NaN, NaN,
R1030826_PMd.nev,0, NaN, NaN,
R1030827_PMd.nev,0, NaN, NaN,
R1030828_PMd.nev,0, NaN, NaN,
R1030829_PMd.nev,0, NaN, NaN,
R1030830_PMd.nev,0, NaN, NaN,
R1030901_PMd.nev,0, NaN, NaN,
R1030902_PMd.nev,0, NaN, NaN,
R1030903_PMd.nev,0, NaN, NaN,
R1030904_PMd.nev,0, NaN, NaN,
R1030905.nev,0, NaN, NaN,
R1030906.nev,0, NaN, NaN,
R1030908.nev,0, NaN, NaN,
R1030909.nev,0, NaN, NaN,
R1030910_PMd.nev,0, NaN, NaN,
R1030911_PMd.nev,0, NaN, NaN,
R1030912_PMd.nev,0, NaN, NaN,
R1030913_PMd.nev,0, NaN, NaN,
R1030915_PMd.nev,0, NaN, NaN,
R1030916_PMd.nev,0, NaN, NaN,
R1030917_PMd.nev,0, NaN, NaN,
R1030918_PMd.nev,0, NaN, NaN,
R1030919_PMd.nev,0, NaN, NaN,
R1030920_PMd.nev,0, NaN, NaN,
R1030922_PMd.nev,0, NaN, NaN,
R1030923_PMd.nev,0, NaN, NaN,
R1030924_PMd.nev,0, NaN, NaN,
R1030925_PMd.nev,0, NaN, NaN,
R1030929_PMd.nev,0, NaN, NaN,
R1030930_PMd.nev,0, NaN, NaN,
R1031001_PMd.nev,0, NaN, NaN,
R1031002_PMd.nev,0, NaN, NaN,
R1031003_PMd.nev,0, NaN, NaN,
R1031004_PMd.nev,0, NaN, NaN,
R1031006_PMd.nev,0, NaN, NaN,
R1031007_PMd.nev,0, NaN, NaN,
R1031008_PMd.nev,0, NaN, NaN,
R1031009_PMd.nev,0, NaN, NaN,
R1031011_PMd.nev,0, NaN, NaN,
R1031017_PMd.nev,0, NaN, NaN,
R1031018.nev,0, NaN, NaN,
R1031019_PMd.nev,0, NaN, NaN,
R1031020_PMd.nev,0, NaN, NaN,
R1031021_PMd.nev,0, NaN, NaN,
R1031022_PMd.nev,0, NaN, NaN,
R1031023_PMd.nev,0, NaN, NaN,
r1031024.nev,0, NaN, NaN,
R1031031M1002.nev,0, NaN, NaN,
R1031031PMd001.nev,0, NaN, NaN,
R1031103_M1001.nev,0, NaN, NaN,
R1031103_PMd003.nev,0, NaN, NaN,
R1031104_M1001.nev,0, NaN, NaN,
R1031104_PMd001.nev,0, NaN, NaN,
R1031105_M1.nev,0, NaN, NaN,
R1031105_PMd.nev,0, NaN, NaN,
R1031106_M1.nev,0, NaN, NaN,
R1031107_M1002.nev,0, NaN, NaN,
R1031107_PMd001.nev,0, NaN, NaN,
R1031108_M1.nev,0, NaN, NaN,
R1031108_PMd.nev,0, NaN, NaN,
R1031110_M1.nev,0, NaN, NaN,
R1031111_PMdAll_M1.nev,0, NaN, NaN,
R1031112_M1All_PMdc.nev,0, NaN, NaN,
R1031113_PMdAll_M1b.nev,0, NaN, NaN,
R1031114_MIAll.nev,0, NaN, NaN,
R1031114_PmdAll_M1C.nev,0, NaN, NaN,
R1031117_M!All_PMdc.nev,0, NaN, NaN,
R1031118_PMdab_M1bc.nev,0, NaN, NaN,
R1031119_PMdab_M1bc001.nev,0, NaN, NaN,
R1031120_PMdab_M1bc.nev,0, NaN, NaN,
R1031122_PMdab_M1bc001.nev,0, NaN, NaN,
R1031124_PMdbc_M1ab001.nev,0, NaN, NaN,
R1031124_PMdbc_M1ab002.nev,0, NaN, NaN,
R1031125_PMDbc_M1ab001.nev,0, NaN, NaN,
R1031126_M1all_PMdc001.nev,0, NaN, NaN,
R1031126_sorted_DP.nev,0, NaN, NaN,
r1031126M1abc_Pmdc_sorted_DP.nev,0, NaN, NaN,
R1031128_PMdAll_M1b.nev,0, NaN, NaN,
R1031129_M1All_PMdb.nev,0, NaN, NaN,
R1031201_PMdall_M1a (2).nev,0, NaN, NaN,
R1031201_PMdall_M1a.nev,0, NaN, NaN,
R1031201_PMdall_M1a-01.nev,0, NaN, NaN,
R1031202_PMdab_M1ab.nev,0, NaN, NaN,
R1031203_M1All001 (2).nev,0, NaN, NaN,
R1031203_M1All001.nev,0, NaN, NaN,
R1031204_PMdab_M1bc001.nev,0, NaN, NaN,
R1031206_PMdab_M1bc001.nev,0, NaN, NaN,
R1031206_PMdab_M1bc002.nev,0, NaN, NaN,
R1031208_PMDab_M1bc001.nev,0, NaN, NaN,
R1031208_PMDab_M1bc002.nev,0, NaN, NaN,
R1031208_PMDab_M1bc003.nev,0, NaN, NaN,
R1031209_PMdab_M1bc001.nev,0, NaN, NaN,
R1031210_PMdab_M1bc001.nev,0, NaN, NaN,
R1031210_PMdab_M1bc002.nev,0, NaN, NaN,
R1031211_PMdbc_M1ab001.nev,0, NaN, NaN,
R1031211_PMdbc_M1ab002.nev,0, NaN, NaN,
R1031212_PMdac_M1ac001.nev,0, NaN, NaN,
R1031212_PMdac_M1ac002.nev,0, NaN, NaN,
R1031213_PMdac_M1ac001.nev,0, NaN, NaN,
R1031215_PMda_M1all001.nev,0, NaN, NaN,
R1031216_PMdall_M1c001.nev,0, NaN, NaN,
R1031217_PMdac_M1ac001.nev,0, NaN, NaN,
R1031219_PMdall_M1c.nev,0, NaN, NaN,
R1031220_PMdbc_M1ac001.nev,0, NaN, NaN,
R1031222_PMdab_M1bc001.nev,0, NaN, NaN,
R1031223_PMdab_M1bc001.nev,0, NaN, NaN,
R1031224_PMdab_M1ac001.nev,0, NaN, NaN,
R1031225_PMdbc_M1ac_Night001.nev,0, NaN, NaN,
R1031225_PMdbc_M1ac_Night002.nev,0, NaN, NaN,
R1031225_PMdbc_M1ac_Night003.nev,0, NaN, NaN,
R1031227_PMdbc_M1ac001.nev,0, NaN, NaN,
R1040102_PMdbc_M1ac001.nev,0, NaN, NaN,
R1040103001.nev,0, NaN, NaN,
R1040103002.nev,0, NaN, NaN,
R1040105_PMdbc_M1ac001.nev,0, NaN, NaN,
R1040106_PMdab_M1ab001.nev,0, NaN, NaN,
R1040107_PMdbc_M1bc001.nev,0, NaN, NaN,
R1040108_PMdab_M1bc001.nev,0, NaN, NaN,
R1040109_PMDall_M1c001.nev,0, NaN, NaN,
R1040110_PMdb_M1all001.nev,0, NaN, NaN,
R1040113_PMdc_M1all001.nev,0, NaN, NaN,
R1040114_PMda_M1all001.nev,0, NaN, NaN,
r1040114_PMda_M1all-Sorted.nev,0, NaN, NaN,
R1040115_PMdac_M1ac001.nev,0, NaN, NaN,
R1040119_PMdab_M1bc001.nev,0, NaN, NaN,
R1040120_PMdbc_M1ab001.nev,0, NaN, NaN,
R1040122_PMdab_M1ab001.nev,0, NaN, NaN,
R1040123_PMdbc_M1bc001.nev,0, NaN, NaN,
R1040126_PMdbc_M1bc001.nev,0, NaN, NaN,
R1040127_PMdbc_M1bc001.nev,0, NaN, NaN,
R1040128_PMdac_M1ac001.nev,0, NaN, NaN,
R1040129_PMdab_M1ab001.nev,0, NaN, NaN,
R1040130_PMdall_M1c001 (2).nev,0, NaN, NaN,
R1040130_PMdall_M1c001.nev,0, NaN, NaN,
R1040203_PMdall_M1c001.nev,0, NaN, NaN,
R1040206_PMdc_M1all001.nev,0, NaN, NaN,
R1040207_PMdc_M1all001.nev,0, NaN, NaN,
R1040208_PMdc_M1all001.nev,0, NaN, NaN,
R1040209_PMdall_M1001.nev,0, NaN, NaN,
R1040210_PMdbc_M1ab001.nev,0, NaN, NaN,
R1040211_PMdab_M1bc001 (2).nev,0, NaN, NaN,
R1040211_PMdab_M1bc001.nev,0, NaN, NaN,
R1040212001.nev,0, NaN, NaN,
R1040213_PMdbc_M1ab001.nev,0, NaN, NaN,
R1040218_PMdbc_M1ac001.nev,0, NaN, NaN,
R1040221_PMdbc_M1bc001.nev,0, NaN, NaN,
R1040222_PMdbc_M1bc001.nev,0, NaN, NaN,
R1040307_PMdac_M1ac001 (2).nev,33,2.567705,3.403751,
R1040307_PMdac_M1ac001 (2).nev,44,2.352085,2.716576,
R1040307_PMdac_M1ac001.nev,33,2.567705,3.403751,
R1040307_PMdac_M1ac001.nev,44,2.352085,2.716576,
R1040309_PMdac_M1ac001 (2).nev,18,1.703256,3.936182,
R1040309_PMdac_M1ac001 (2).nev,50,2.70064,1.656483,
R1040309_PMdac_M1ac001.nev,18,1.703256,3.936182,
R1040309_PMdac_M1ac001.nev,50,2.70064,1.656483,
R1040310_PMdab_M1bc001 (2).nev,12,1.386479,2.726356,
R1040310_PMdab_M1bc001 (2).nev,38,2.464201,1.228612,
R1040310_PMdab_M1bc001.nev,12,1.386479,2.726356,
R1040310_PMdab_M1bc001.nev,38,2.464201,1.228612,
R1040413_PMdbc_M1bc001-sorted.nev,20,2.209814,4.123722,
R1040413_PMdbc_M1bc001-sorted.nev,44,3.108996,2.337691,
R1040414_PMdbc_M1bc001-sorted.nev,20,3.989256,4.575042,
R1040414_PMdbc_M1bc001-sorted.nev,42,3.704474,3.941141,
R1040415_PMdbc_M1bc001-sorted.nev,9,1.093263,3.857682,
R1040415_PMdbc_M1bc001-sorted.nev,40,3.033453,1.280864,
R1040416_PMdac_M1ac001-sorted.nev,32,3.440581,3.587843,
R1040416_PMdac_M1ac001-sorted.nev,39,2.93177,3.801001,
R1040417_PMdac_M1ac001-sorted.nev,25,2.738192,3.714472,
R1040417_PMdac_M1ac001-sorted.nev,40,2.688567,3.307236,
R1040418_PMdac_M1ac001-sorted.nev,12,2.066761,3.652345,
R1040418_PMdac_M1ac001-sorted.nev,39,2.720208,2.413611,
R1040613_PMdc_M1all_Day001.nev,0, NaN, NaN,
R1040613_PMdc_M1all_Day001-fixed.nev,10,2.056872,3.622988,
R1040613_PMdc_M1all_Day001-fixed.nev,64,2.440605,2.105363,
R1040617_PMdc_M1all_day001-01.nev,7,4.377483,4.377483,
R1040617_PMdc_M1all_day001-01.nev,46,3.302845,3.982968,
R1040617_PMdc_M1all_Night003-01.nev,6,1.750924,2.771814,
R1040617_PMdc_M1all_Night003-01.nev,29,3.017212,1.343453,
R1040619_PMdac_M1ac_Night002.nev,0, NaN, NaN,
R1040714.nev,0, NaN, NaN,
R1040714_PMd002.nev,0, NaN, NaN,
R1040729001 (2).nev,25,4.104816,4.234895,
R1040729001.nev,25,4.104816,4.234895,
r2030613_M1.nev,0, NaN, NaN,
r2030613_PMd.nev,0, NaN, NaN,
r2030624_MI.nev,0, NaN, NaN,
R2030826_PMd.nev,0, NaN, NaN,
R2030828_PMd.nev,0, NaN, NaN,
R2030830_PMd.nev,0, NaN, NaN,
R2030901_PMd.nev,0, NaN, NaN,
R2030913_PMd.nev,0, NaN, NaN,
R2030930_PMd.nev,0, NaN, NaN,
R2031022_PMd.nev,0, NaN, NaN,
R2031105_PMd.nev,0, NaN, NaN,
R2040903001 (2).nev,1,0.403703,1.528938,
r3030624_PMd.nev,0, NaN, NaN,
R3030828_PMd.nev,0, NaN, NaN,
r4030624_PMd.nev,0, NaN, NaN,
rc201505130002.nev,0, NaN, NaN,
rs01050719_M1003-01_sorted_DP.nev,35,1.667156,2.398033,
rs040823_m1 (2).nev,43,2.043389,2.30798,
rs040823_m1.nev,48,2.258382,2.449174,
rs040824_m1 (2).nev,44,2.02397,2.27015,
rs040824_m1.nev,44,2.02397,2.27015,
rs040915_M1all003-01-maybe sorted.nev,48,1.897193,2.239475,
rs040915_M1all003-sorted-jr.nev,48,1.897193,2.239475,
rs041213_M1001-sorted-jr.nev,51,1.797231,2.47801,
rs041228_M1001-sorted-jr.nev,61,2.426621,2.721526,
rs050211_M1001-sorted.nev,66,2.347552,2.815096,
rs050330_M1001-sortedjr-sortfromnex.nev,58,2.495063,2.892715,
rs050617_M1001-sortedjr.nev,43,1.897171,2.687361,
rs050721_M1002-01_sorted_DP.nev,44,1.901954,2.57165,
rs050728_M1001-sorted-JR.nev,46,2.006928,2.615842,
rs050729_M1001-01_sorted_DP.nev,50,2.331241,2.729925,
rs050912_M1001-01_sorted_DP.nev,32,1.523721,2.584287,
rs050914_M1003-sortedjr.nev,49,2.435392,2.844666,
rs050922_M1001-sortedjr.nev,45,2.028545,2.673056,
rs050927_M1001-sortedjr.nev,33,1.432205,2.758639,
rs051219_M1001-sorted.nev,40,1.77556,2.802801,
rs060309_M1001.nev,0, NaN, NaN,
rs060309_M1001.nev,0, NaN, NaN,
rs060309_M1004-sortedJR.nev,26,1.507632,2.293287,
rs061119_M1_Obs001_sorted_11-27-06_DP.nev,31,2.03017,2.871125,
rs061218_M1001-01_sorted_DP.nev,17,1.143384,2.546338,
rs070215_M1001-sortedJR.nev,4,0.679362,1.964403,
rs1041130_M1001-sorted.nev,52,2.130667,2.613122,
rs1050202_PMd001 (2).nev,3,1.091846,5.526147,
rs1050202_PMd001.nev,3,1.258614,5.894811,
rs1050209_M1001 (2).nev,0, NaN, NaN,
rs1050209_M1001.nev,0, NaN, NaN,
rs1050209_M1002 (2).nev,50,2.318395,2.950774,
rs1050209_M1002.nev,50,2.318395,2.950774,
rs1050215_M1001.nev,0, NaN, NaN,
rs1050216_M1001.nev,0, NaN, NaN,
rs1050222_M1001 (2).nev,41,1.579778,2.514465,
rs1050222_M1001.nev,41,1.579778,2.514465,
rs1050222_PMd001 (2).nev,0,0.502739, NaN,
rs1050222_PMd001.nev,0,0.502739, NaN,
rs1050223_M1001.nev,0, NaN, NaN,
rs1050225_M1001-01_sorted_DP.nev,49,1.731197,2.465879,
rs1050317_M1001.nev,0, NaN, NaN,
rs1050401_M1001.nev,0, NaN, NaN,
rs1050502_M1001.nev,0, NaN, NaN,
rs1050503_M1002.nev,0, NaN, NaN,
rs1050909_M1001.nev,0, NaN, NaN,
rs1050914_M1002.nev,0, NaN, NaN,
rs1051004_M1ab_PMdbc001.nev,0, NaN, NaN,
rs1051012_M1002.nev,0, NaN, NaN,
rs1051013_M1001-01_sorted_DP.nev,50,2.484032,2.907418,
rs1051201_M1001.nev,0, NaN, NaN,
rs1051201_M1003.nev,0, NaN, NaN,
rs1060527_MI_Memory001.nev,0, NaN, NaN,
rs1060527_MI_Memory001.nev,0, NaN, NaN,
rx050421_m1001-02_sorted_DP.nev,47,2.631695,2.867257,
rx050513_PMv-01_sorted_dp.nev,30,1.436844,2.126608,
rx050914_MI-sortedjr.nev,1,0.676211,3.042385,
rx050927_MI-01_sorted_DP.nev,3,0.905569,2.87076,
rx061024_PMvAB_M1A_PMdC-01.nev,55,2.187022,2.572375,
RX061101_PMv_M1001-01_DP.nev,44,1.92461,2.442919,
RX061101_PMv_M1srtd-01.nev,44,1.92461,2.442919,
RX061102_PMvA_PMdA_M1A001-01_DP.nev,26,1.483867,2.428665,
RX061109_M1CD_PMdAB003.nev,0, NaN, NaN,
RX061109_M1CD_PMdAB003.nev,0, NaN, NaN,
RX061109_M1CD_PMdAB004.nev,0, NaN, NaN,
RX061109_M1CD_PMdAB004.nev,0, NaN, NaN,
RX061110__PMd-12_M1-23001.nev,13,1.090197,2.553165,
RX061110__PMd-12_M1-23001.nev,13,1.090197,2.553165,
RX061206_M1_PMd001-01_DP.nev,4,1.537324,3.417443,
RX061206_M1_PMd001-01_DP.nev,4,1.405746, NaN,
RX061206_PMv001-01_DP.nev,20,1.342249,2.250618,
RX061208_PMdAB_PMv001-01_sorted_DP.nev,32,1.497272,2.373264,
RX061208_PMdAB_PMv001-01_sorted_DP-01.nev,32,1.497272,2.373264,
RX061212_PMv_M1_PMd001-01_sorted_DP.nev,17,1.206357,2.199484,
RX061212_PMv_M1_PMd001-01_sorted_DP.nev,2,0.981176,0.524969,
RX070320_M1_all001-01_sorted_DP.nev,8,4.269506,4.269506,
RX070320_PMv001-01_sorted_DP.nev,2,1.824139,3.578029,
RX070321_M1001-01_DP.nev,2,5.502337,5.502337,
RX070928_PMv_VRADPT001 (2).nev,7,3.912395,4.431303,
rx1050411_M1001.nev,0, NaN, NaN,
rx1050413_MI-01_sorted_DP.nev,27,1.626397,2.58791,
rx1050512_PMv.nev,0, NaN, NaN,
Rx1061006_PMVabc_ONLY NEV.nev,51,2.584208,2.883282,
Rx1061006_PMVabc_ONLY NEV.nev,42,1.984065,2.414982,
Rx1061013_PMDabc_1 NEV ONLY.nev,13,1.531299,2.869932,
Rx1061013_PMDabc_1 NEV ONLY.nev,11,1.244121,2.502147,
Test001 - Copy.nev,0, NaN, NaN,
testAI001.nev,0, NaN, NaN,
v051203_M1001.nev,0, NaN, NaN,
V1050901_M1Ab_PMVAc-anil-sort_final.nev,50,2.429909,2.854653,
V1050901_M1Ab_PMVAc-anil-sort_final.nev,44,2.559595,2.481807,
V1050928_M1Abc_PMvC (2).nev,74,2.669262,2.922782,
V1050928_M1Abc_PMvC (2).nev,17,1.84307,2.851095,
V1050928_M1Abc_PMvC.nev,78,2.997813,3.102305,
V1050928_M1Abc_PMvC.nev,16,1.952939,3.618035,
V1051021N_PMdAll_M1C-02.nev,91,3.004525,3.052301,
V1051021N_PMdAll_M1C-02.nev,20,2.501874,2.803188,
V1060407001.nev,0, NaN, NaN,
V2050815N_M1_RefA002.nev,0, NaN, NaN,
Z01102012_M1Contra001 - Copy.nev,76,2.908599,2.948492,
Z01112012_M1Contra001 - Copy.nev,84,2.208057,2.228204,
Z02112012_M1Contra001 - Copy.nev,83,2.363819,2.399075,
Z03102012_M1Contra001 - Copy.nev,82,2.751222,2.751222,
Z04102012_M1Contra001 - Copy.nev,84,2.668105,2.668105,
Z05092012_M1Contra001 - Copy.nev,80,2.109711,2.137257,
Z05112012_M1Contra001 - Copy.nev,80,2.308008,2.379175,
Z06022013_M1Contra_ECoG2K_activeobs002 (2).nev,75,2.030672,2.139954,
Z07112012_M!Contra001.nev,80,2.27219,2.337859,
Z08092012_M1Contra001 - Copy.nev,6,1.619535,1.88832,
Z10012012_M1Contra001 - Copy.nev,38,2.848561,2.848561,
Z10032012_M1Contra001 - Copy.nev,82,2.751222,2.751222,
Z10042012_M1Contra001 - Copy.nev,84,2.668105,2.668105,
Z10102012_M1Contra001 - Copy.nev,80,2.505962,2.544908,
Z10102012_M1Contra002 - Copy.nev,82,2.761229,2.80058,
z120806_contratoamputandECoG002 - Copy.nev,65,2.94335,2.99827,
z120806_contratoamputandECoG2003 - Copy.nev,69,2.726742,2.765422,
z120806_ipsitoamput001 - Copy.nev,56,2.991183,3.093727,
z120807_M1cABC_ECOG001 - Copy.nev,79,2.281902,2.3807,
Z120808_M1cABC_ECOG001 - Copy.nev,58,2.042532,2.402119,
z120809_M1cABC_ECOG001 - Copy.nev,77,3.209415,3.209415,
z120810_M1cABC_ECOG001 - Copy.nev,80,2.848652,2.848652,
Z120813_M1cABC_ECOG001 - Copy.nev,68,2.276811,2.416212,
Z120814_M1cABC_ECOG001 - Copy.nev,80,3.155079,3.155079,
Z120815_M1cABC_ECOG001 - Copy.nev,78,3.058237,3.058237,
Z13092012_M1Contra_10Channels001 - Copy.nev,11,2.826857,2.826857,
Z15112012_M!Contra001.nev,77,2.13906,2.22162,
Z16102012_M1Contra001 - Copy.nev,83,2.847118,2.847118,
Z17092012_M1Contra001 - Copy.nev,10,2.343767,2.343767,
Z17102012_M1Contra001 - Copy.nev,83,2.958289,2.976055,
Z18092012_M1Contra_10Channels001 - Copy.nev,10,2.360656,2.360656,
Z19092012_M1Coontra_10Channels001 - Copy.nev,10,2.331229,2.331229,
Z20092012_M1Contra_10channels001 - Copy.nev,10,2.352276,2.352276,
Z20092012_M1Contra_10channels002 - Copy.nev,10,2.430848,2.430848,
z20121107_M!Contra001.nev,77,2.22043,2.318671,
z20121115_M!Contra001.nev,81,2.500885,2.570431,
z20121206_M1Contra_ECoG2K001_RSRT002-16.nev,79,2.493692,2.586655,
z20130131_M1Contra_3d002.nev,0, NaN, NaN,
z20130206_M1Contra_ECoG2K_activeobs002 (2).nev,74,2.725137,2.768016,
z20130206_M1Contra_ECoG2K_activeobs002.nev,74,2.725137,2.768016,
z20130228_M1Contra_ECoG2K001.nev,0, NaN, NaN,
z20130817_M1Contra001.nev,0, NaN, NaN,
z20130909_M1Contra001-C4-01.nev,81,2.483965,2.497791,
Z21082012_M1Contra001 - Copy.nev,82,2.299923,2.321434,
Z22082012_M1Contra001 - Copy.nev,80,2.270734,2.350672,
Z23082012_M1Contra001 - Copy.nev,19,1.404665,1.784579,
Z23102012_M1Contra001 - Copy.nev,84,2.438852,2.45087,
Z24082012_M1Contra_ECoG001 - Copy.nev,75,2.312184,2.373329,
Z24092012_M1Contra_10Channels001 - Copy.nev,10,3.11788,3.11788,
Z24102012_M1Contra001 - Copy.nev,84,2.409714,2.420628,
Z26092012_M1Contra_RnG001 - Copy.nev,86,2.79562,2.79562,
Z26092012_M1Contra001 - Copy.nev,86,2.932401,2.932401,
Z27082012_M1Contra001 - Copy.nev,74,2.03397,2.110593,
Z27092012_M1Contra001 - Copy.nev,84,2.888877,2.888877,
Z28022013_M1Contra_ECoG2K001.nev,0, NaN, NaN,
Z29102012_M1Contra001 - Copy.nev,85,2.272925,2.282697,
Z30082012_M1Contra_ECoG001 - Copy.nev,80,2.221008,2.244353,
Z31012013_M1Contra_3d002.nev,0, NaN, NaN,
